Customer Id,Age,Age_label,Edu,Years Employed,Years Employed_label,Income,Income_label,Address,Card Debt,Other Debt,Total Debt,Defaulted,DebtRatio,DebtIncomeRatio (%),Score Age,Score Income,Score DebtRatio,Score Years Employed,risk_score,risk_class
1,41,35-45,2,6,5–9,19,Mass,NBA001,0.124,1.073,1.197,0.0,0.063,6.3,2,1,2,3,0.13109155360288885,Very low
2,47,45-55,1,26,20+,100,Affluent,NBA021,4.582,8.218,12.8,0.0,0.128,12.8,1,3,3,1,0.014735674327102813,Very low
3,33,25-35,2,10,10–19,57,Lower Affluent,NBA013,6.111,5.802,11.913,1.0,0.209,20.9,3,2,5,2,0.59978783623289,Medium
4,29,25-35,2,4,2–4,19,Mass,NBA009,0.681,0.516,1.197,0.0,0.063,6.3,3,1,2,4,0.19685464698249477,Very low
5,47,45-55,1,31,20+,253,Upper Affluent,NBA008,9.308,8.908,18.216,0.0,0.07200000000000001,7.2,1,4,2,1,0.0024419092705532768,Very low
7,38,35-45,2,4,2–4,56,Lower Affluent,NBA013,0.442,0.454,0.896,0.0,0.016,1.6,2,2,1,4,0.10971571007474958,Very low
8,42,35-45,3,0,<2,64,Lower Affluent,NBA009,0.279,3.945,4.224,0.0,0.066,6.6,2,2,2,5,0.5256623853306823,Medium
10,47,45-55,3,23,20+,115,Affluent,NBA011,0.653,3.947,4.6,0.0,0.04,4.0,1,3,1,1,0.0012492520123076434,Very low
11,44,35-45,3,8,5–9,88,Lower Affluent,NBA010,0.285,5.083,5.368,1.0,0.061,6.1,2,2,2,3,0.12089190909339224,Very low
13,24,18-25,1,7,5–9,18,Mass,NBA000,0.526,0.643,1.169,0.0,0.065,6.5,4,1,2,3,0.09821276368466554,Very low
15,28,25-35,3,2,2–4,20,Mass,NBA000,0.233,1.647,1.8800000000000001,1.0,0.094,9.4,3,1,2,4,0.348297676537458,Low
17,29,25-35,1,1,<2,17,Mass,NBA004,0.132,0.293,0.425,0.0,0.025,2.5,3,1,1,5,0.2932662449551337,Low
18,43,35-45,4,1,<2,26,Mass,NBA005,1.519,1.237,2.7560000000000002,0.0,0.106,10.6,2,1,3,5,0.4824560926917753,Medium
21,29,25-35,2,6,5–9,25,Mass,NBA009,0.585,0.465,1.05,0.0,0.042,4.2,3,1,1,3,0.10918758031885688,Very low
22,36,35-45,3,10,10–19,43,Mass,NBA004,0.961,4.629,5.59,0.0,0.13,13.0,2,1,3,2,0.15261742476759738,Very low
23,28,25-35,3,6,5–9,47,Mass,NBA008,5.574,3.732,9.306000000000001,1.0,0.198,19.8,3,1,4,3,0.6571140344046893,High
24,45,45-55,1,19,10–19,77,Lower Affluent,NBA022,2.303,4.165,6.468,0.0,0.084,8.4,1,2,2,2,0.013141849505837896,Very low
25,37,35-45,4,10,10–19,123,Affluent,NBA018,3.022,18.257,21.279,0.0,0.17300000000000001,17.3,2,3,4,2,0.9410964870143375,Very high
27,24,18-25,1,4,2–4,21,Mass,NBA002,0.099,0.447,0.546,0.0,0.026000000000000002,2.6,4,1,1,4,0.15236884152489513,Very low
29,38,35-45,2,13,10–19,59,Lower Affluent,NBA000,0.408,1.008,1.416,0.0,0.024,2.4,2,2,1,2,0.012843913300855875,Very low
30,34,25-35,2,9,5–9,45,Mass,NBA013,1.118,3.427,4.545,0.0,0.10099999999999999,10.1,3,1,3,3,0.13175369016301805,Very low
31,40,35-45,3,18,10–19,100,Affluent,NBA006,1.485,1.015,2.5,0.0,0.025,2.5,2,3,1,2,0.0026834600086404065,Very low
32,42,35-45,2,12,10–19,55,Lower Affluent,NBA009,2.533,5.717,8.25,0.0,0.15,15.0,2,2,4,2,0.19293071725835478,Very low
33,23,18-25,2,0,<2,42,Mass,NBA001,1.019,0.619,1.638,1.0,0.039,3.9,4,1,1,5,0.3584196590701513,Low
35,28,25-35,1,12,10–19,45,Mass,NBA007,1.854,1.611,3.465,0.0,0.077,7.7,3,1,2,2,0.04248319137839946,Very low
37,35,35-45,3,5,5–9,37,Mass,NBA003,0.581,1.417,1.998,1.0,0.054000000000000006,5.4,2,1,2,3,0.16155306670739814,Very low
38,37,35-45,1,0,<2,18,Mass,NBA018,1.584,0.738,2.322,1.0,0.129,12.9,2,1,3,5,0.538436560833977,Medium
39,22,18-25,1,1,<2,18,Mass,NBA000,0.27,0.522,0.792,0.0,0.044000000000000004,4.4,4,1,1,5,0.3147576264052194,Low
41,20,18-25,1,4,2–4,14,Mass,NBA000,0.201,1.157,1.358,1.0,0.09699999999999999,9.7,4,1,2,4,0.2169065903684058,Low
42,48,45-55,3,17,10–19,113,Affluent,NBA026,3.376,10.184,13.559999999999999,0.0,0.12,12.0,1,3,3,2,0.14971698200326194,Very low
43,28,25-35,2,5,5–9,34,Mass,NBA009,3.099,4.993,8.092,0.0,0.23800000000000002,23.8,3,1,5,3,0.668771199092112,High
44,37,35-45,5,9,5–9,177,Affluent,NBA016,0.888,9.555,10.443,0.0,0.059000000000000004,5.9,2,3,2,3,0.13745156766810934,Very low
45,48,45-55,1,3,2–4,27,Mass,NBA011,1.403,4.348,5.7509999999999994,0.0,0.213,21.3,1,1,5,4,0.6354316071074626,High
47,22,18-25,1,4,2–4,14,Mass,NBA003,0.225,2.225,2.45,0.0,0.175,17.5,4,1,4,4,0.303094882923235,Low
49,28,25-35,1,3,2–4,19,Mass,NBA007,0.261,0.518,0.779,0.0,0.040999999999999995,4.1,3,1,1,4,0.21264795335270933,Low
51,47,45-55,1,22,20+,81,Lower Affluent,NBA019,1.506,2.949,4.455,0.0,0.055,5.5,1,2,2,1,0.002668174071300817,Very low
52,36,35-45,1,11,10–19,33,Mass,NBA002,1.266,9.459,10.725,0.0,0.325,32.5,2,1,5,2,0.5408464248722211,Medium
53,24,18-25,1,3,2–4,19,Mass,NBA004,1.358,3.278,4.636,1.0,0.244,24.4,4,1,5,4,0.549694322814491,Medium
55,29,25-35,3,5,5–9,70,Lower Affluent,NBA006,3.176,10.754,13.93,1.0,0.19899999999999998,19.9,3,2,4,3,0.904108825545153,Very high
56,34,25-35,1,2,2–4,25,Mass,NBA011,0.573,2.577,3.15,1.0,0.126,12.6,3,1,3,4,0.4500526443869936,Medium
57,32,25-35,1,1,<2,20,Mass,NBA000,0.315,0.645,0.96,1.0,0.048,4.8,3,1,1,5,0.3302845779296469,Low
58,27,25-35,3,2,2–4,26,Mass,NBA007,0.722,0.838,1.56,0.0,0.06,6.0,3,1,2,4,0.29696300150670085,Low
59,40,35-45,1,9,5–9,64,Lower Affluent,NBA004,0.79,3.434,4.224,0.0,0.066,6.6,2,2,2,3,0.09110577575150232,Very low
60,50,45-55,1,11,10–19,36,Mass,NBA005,0.835,0.893,1.728,0.0,0.048,4.8,1,1,1,2,0.03658432705190424,Very low
61,39,35-45,1,17,10–19,60,Lower Affluent,NBA020,2.45,5.77,8.219999999999999,0.0,0.13699999999999998,13.7,2,2,3,2,0.053602829198309436,Very low
62,34,25-35,1,18,10–19,34,Mass,NBA010,2.1,3.136,5.236000000000001,0.0,0.154,15.4,3,1,4,2,0.021377103155400163,Very low
63,36,35-45,1,18,10–19,67,Lower Affluent,NBA009,5.245,2.259,7.504,0.0,0.11199999999999999,11.2,2,2,3,2,0.0283217675297889,Very low
64,44,35-45,2,18,10–19,74,Lower Affluent,NBA004,4.522,5.394,9.916,0.0,0.134,13.4,2,2,3,2,0.06166909195820624,Very low
65,24,18-25,2,4,2–4,20,Mass,NBA004,0.324,0.416,0.74,0.0,0.037000000000000005,3.7,4,1,1,4,0.16476540188893216,Very low
66,31,25-35,1,8,5–9,44,Mass,NBA004,1.721,1.799,3.52,0.0,0.08,8.0,3,1,2,3,0.11905976865655583,Very low
67,34,25-35,1,16,10–19,79,Lower Affluent,NBA009,1.735,1.425,3.16,0.0,0.04,4.0,3,2,1,2,0.007944959797204785,Very low
68,26,25-35,1,4,2–4,27,Mass,NBA003,2.472,0.363,2.835,1.0,0.105,10.5,3,1,3,4,0.28440411073759353,Low
69,38,35-45,1,3,2–4,23,Mass,NBA019,0.832,2.549,3.381,0.0,0.147,14.7,2,1,3,4,0.41997601529402323,Medium
70,24,18-25,1,3,2–4,14,Mass,NBA000,0.838,1.416,2.254,1.0,0.161,16.1,4,1,4,4,0.3456477154819668,Low
71,30,25-35,3,8,5–9,61,Lower Affluent,NBA007,0.55,1.158,1.708,0.0,0.027999999999999997,2.8,3,2,1,3,0.049009281155117546,Very low
72,40,35-45,4,5,5–9,75,Lower Affluent,NBA006,0.885,0.54,1.425,0.0,0.019,1.9,2,2,1,3,0.07884845543778299,Very low
73,30,25-35,2,12,10–19,98,Lower Affluent,NBA009,2.935,4.121,7.056000000000001,0.0,0.07200000000000001,7.2,3,2,2,2,0.06663745203165035,Very low
75,29,25-35,1,9,5–9,33,Mass,NBA002,0.694,0.89,1.584,0.0,0.048,4.8,3,1,1,3,0.05594302443917284,Very low
76,33,25-35,1,5,5–9,18,Mass,NBA010,0.985,1.337,2.322,0.0,0.129,12.9,3,1,3,3,0.23286037954847136,Low
77,43,35-45,1,8,5–9,45,Mass,NBA011,0.677,0.808,1.485,0.0,0.033,3.3,2,1,1,3,0.06067042457501244,Very low
78,35,35-45,2,1,<2,21,Mass,NBA001,0.37,1.289,1.6589999999999998,0.0,0.079,7.9,2,1,2,5,0.3921911361603584,Low
79,41,35-45,2,21,20+,145,Affluent,NBA022,3.237,14.453,17.689999999999998,0.0,0.122,12.2,2,3,3,1,0.13851976559387139,Very low
81,33,25-35,1,12,10–19,68,Lower Affluent,NBA012,1.366,5.978,7.343999999999999,0.0,0.10800000000000001,10.8,3,2,3,2,0.11640698763410495,Very low
82,30,25-35,3,0,<2,65,Lower Affluent,NBA008,3.9,15.405,19.305,1.0,0.297,29.7,3,2,5,5,0.9965803858439475,Very high
83,40,35-45,3,18,10–19,157,Affluent,NBA014,3.326,7.036,10.362,0.0,0.066,6.6,2,3,2,2,0.0192878453939472,Very low
85,49,45-55,2,11,10–19,51,Lower Affluent,NBA001,0.543,7.107,7.65,0.0,0.15,15.0,1,2,4,2,0.2153294246888231,Low
89,28,25-35,2,8,5–9,31,Mass,NBA003,1.492,1.05,2.542,1.0,0.08199999999999999,8.2,3,1,2,3,0.10313376075273556,Very low
90,23,18-25,4,0,<2,32,Mass,NBA004,0.818,5.07,5.888,1.0,0.184,18.4,4,1,4,5,0.770329627553546,High
91,37,35-45,2,11,10–19,75,Lower Affluent,NBA004,0.633,1.992,2.625,0.0,0.035,3.5,2,2,1,2,0.026094479171429322,Very low
92,35,35-45,2,5,5–9,33,Mass,NBA001,0.103,0.821,0.9239999999999999,0.0,0.027999999999999997,2.8,2,1,1,3,0.12023841880890265,Very low
93,31,25-35,1,1,<2,21,Mass,NBA006,0.277,0.248,0.525,1.0,0.025,2.5,3,1,1,5,0.2893375910011094,Low
94,29,25-35,1,1,<2,20,Mass,NBA002,0.569,3.151,3.7199999999999998,1.0,0.18600000000000003,18.6,3,1,4,5,0.5909298020462792,Medium
95,34,25-35,3,7,5–9,27,Mass,NBA000,0.125,0.469,0.594,0.0,0.022000000000000002,2.2,3,1,1,3,0.07207969529008992,Very low
98,38,35-45,1,10,10–19,34,Mass,NBA008,0.036,0.372,0.408,0.0,0.012,1.2,2,1,1,2,0.028682839080829116,Very low
99,32,25-35,2,5,5–9,28,Mass,NBA000,2.594,1.55,4.144,1.0,0.14800000000000002,14.8,3,1,3,3,0.33651586791831745,Low
100,22,18-25,3,0,<2,20,Mass,NBA002,0.219,0.721,0.94,0.0,0.047,4.7,4,1,1,5,0.3804133521903617,Low
101,30,25-35,1,7,5–9,33,Mass,NBA002,1.165,7.217,8.382,1.0,0.254,25.4,3,1,5,3,0.5766582636825298,Medium
103,36,35-45,1,20,20+,60,Lower Affluent,NBA015,1.056,2.184,3.24,0.0,0.054000000000000006,5.4,2,2,2,1,0.0038887044505169148,Very low
104,44,35-45,1,5,5–9,48,Mass,NBA003,1.97,2.35,4.32,1.0,0.09,9.0,2,1,2,3,0.2854007021397121,Low
105,27,25-35,2,4,2–4,22,Mass,NBA003,1.086,1.818,2.904,1.0,0.132,13.2,3,1,3,4,0.3102637595134214,Low
106,47,45-55,1,19,10–19,50,Lower Affluent,NBA007,3.176,11.874,15.05,0.0,0.301,30.1,1,2,5,2,0.3480939053633451,Low
107,41,35-45,1,7,5–9,32,Mass,NBA022,0.072,0.856,0.9279999999999999,0.0,0.028999999999999998,2.9,2,1,1,3,0.07719641581360995,Very low
108,25,25-35,1,8,5–9,27,Mass,NBA004,1.019,2.869,3.888,0.0,0.14400000000000002,14.4,3,1,3,3,0.17015944523350227,Very low
110,42,35-45,3,13,10–19,82,Lower Affluent,NBA000,1.315,1.391,2.706,0.0,0.033,3.3,2,2,1,2,0.01456136526975856,Very low
111,36,35-45,1,14,10–19,53,Lower Affluent,NBA017,1.888,1.133,3.021,0.0,0.057,5.7,2,2,2,2,0.01952474792412113,Very low
112,25,25-35,4,0,<2,32,Mass,NBA002,2.14,3.492,5.632,0.0,0.17600000000000002,17.6,3,1,4,5,0.7539884554407004,High
113,30,25-35,1,10,10–19,39,Mass,NBA011,2.056,1.649,3.705,0.0,0.095,9.5,3,1,2,2,0.08453922263206798,Very low
114,24,18-25,1,0,<2,16,Mass,NBA002,1.009,1.551,2.5599999999999996,1.0,0.16,16.0,4,1,4,5,0.559598045489978,Medium
116,39,35-45,2,9,5–9,32,Mass,NBA012,1.43,0.682,2.112,0.0,0.066,6.6,2,1,2,3,0.07123499236603398,Very low
117,30,25-35,1,4,2–4,18,Mass,NBA002,0.227,1.699,1.9260000000000002,0.0,0.107,10.7,3,1,3,4,0.25067775353812977,Low
119,32,25-35,2,12,10–19,63,Lower Affluent,NBA003,5.55,5.916,11.466000000000001,0.0,0.182,18.2,3,2,4,2,0.40005585826211176,Medium
120,33,25-35,1,7,5–9,26,Mass,NBA006,0.543,1.017,1.56,0.0,0.06,6.0,3,1,2,3,0.10257506008668865,Very low
121,29,25-35,2,6,5–9,21,Mass,NBA004,0.369,2.046,2.415,0.0,0.115,11.5,3,1,3,3,0.18307296262317138,Very low
122,28,25-35,2,5,5–9,37,Mass,NBA002,1.124,1.947,3.071,0.0,0.083,8.3,3,1,2,3,0.21994991581016923,Low
123,33,25-35,4,9,5–9,32,Mass,NBA008,0.496,1.264,1.76,0.0,0.055,5.5,3,1,2,3,0.06144979857048336,Very low
124,39,35-45,2,16,10–19,53,Lower Affluent,NBA012,0.694,1.267,1.9609999999999999,0.0,0.037000000000000005,3.7,2,2,1,2,0.007883344552901888,Very low
125,32,25-35,1,10,10–19,42,Mass,NBA011,1.54,2.282,3.822,0.0,0.091,9.1,3,1,2,2,0.08459339421300092,Very low
127,32,25-35,2,3,2–4,47,Mass,NBA013,0.429,0.464,0.893,0.0,0.019,1.9,3,1,1,4,0.15344138063939108,Very low
128,28,25-35,2,5,5–9,25,Mass,NBA006,0.339,0.386,0.7250000000000001,0.0,0.028999999999999998,2.9,3,1,1,3,0.1231517578788389,Very low
129,26,25-35,1,2,2–4,21,Mass,NBA006,1.023,3.135,4.1579999999999995,0.0,0.198,19.8,3,1,4,4,0.5599139736226748,Medium
130,27,25-35,1,0,<2,16,Mass,NBA001,0.183,0.089,0.272,0.0,0.017,1.7,3,1,1,5,0.3394216952064929,Low
131,35,35-45,1,16,10–19,36,Mass,NBA015,0.179,1.045,1.224,0.0,0.034,3.4,2,1,1,2,0.007751066294391801,Very low
132,35,35-45,1,16,10–19,57,Lower Affluent,NBA010,1.143,4.842,5.984999999999999,0.0,0.105,10.5,2,2,3,2,0.03208088364494765,Very low
133,31,25-35,2,6,5–9,25,Mass,NBA005,2.332,0.543,2.875,0.0,0.115,11.5,3,1,3,3,0.20046915604286344,Low
134,32,25-35,3,5,5–9,23,Mass,NBA009,0.326,0.709,1.035,0.0,0.045,4.5,3,1,1,3,0.142672284470088,Very low
135,29,25-35,1,9,5–9,25,Mass,NBA000,1.07,2.405,3.4749999999999996,0.0,0.139,13.9,3,1,3,3,0.1238092633628407,Very low
136,35,35-45,4,4,2–4,29,Mass,NBA016,1.844,1.346,3.1900000000000004,0.0,0.11,11.0,2,1,3,4,0.3128632582280745,Low
139,44,35-45,1,12,10–19,31,Mass,NBA003,0.358,2.649,3.007,0.0,0.09699999999999999,9.7,2,1,2,2,0.04804154175707793,Very low
140,40,35-45,2,5,5–9,35,Mass,NBA012,1.584,4.156,5.74,1.0,0.16399999999999998,16.4,2,1,4,3,0.4583645902305908,Medium
141,36,35-45,2,13,10–19,41,Mass,NBA006,2.918,3.806,6.724,1.0,0.16399999999999998,16.4,2,1,4,2,0.11429296436981236,Very low
142,23,18-25,2,0,<2,21,Mass,NBA004,0.455,1.372,1.8270000000000002,0.0,0.087,8.7,4,1,2,5,0.46180892989991396,Medium
143,26,25-35,2,8,5–9,40,Mass,NBA001,0.444,4.276,4.72,0.0,0.11800000000000001,11.8,3,1,3,3,0.18273683234834404,Very low
144,30,25-35,1,8,5–9,23,Mass,NBA006,0.762,1.998,2.76,0.0,0.12,12.0,3,1,3,3,0.12709111175961438,Very low
145,34,25-35,1,12,10–19,68,Lower Affluent,NBA005,7.817,9.251,17.067999999999998,1.0,0.251,25.1,3,2,5,2,0.832975447477988,Very high
146,28,25-35,3,2,2–4,30,Mass,NBA005,1.522,4.448,5.970000000000001,0.0,0.19899999999999998,19.9,3,1,4,4,0.6830304143058984,High
148,46,45-55,3,3,2–4,43,Mass,NBA013,3.042,2.634,5.676,1.0,0.132,13.2,1,1,3,4,0.5548596470051789,Medium
149,24,18-25,2,1,<2,42,Mass,NBA002,0.838,1.556,2.394,0.0,0.057,5.7,4,1,2,5,0.36394910746253295,Low
150,25,25-35,2,6,5–9,26,Mass,NBA002,0.07,1.1,1.1700000000000002,0.0,0.045,4.5,3,1,1,3,0.11055804330201102,Very low
151,33,25-35,1,14,10–19,37,Mass,NBA002,0.199,0.763,0.962,0.0,0.026000000000000002,2.6,3,1,1,2,0.011615253867550726,Very low
153,38,35-45,3,4,2–4,31,Mass,NBA006,1.332,1.551,2.883,1.0,0.09300000000000001,9.3,2,1,2,4,0.283230576863031,Low
155,34,25-35,2,9,5–9,65,Lower Affluent,NBA009,2.108,1.922,4.03,0.0,0.062,6.2,3,2,2,3,0.08221613428594061,Very low
157,39,35-45,1,22,20+,113,Affluent,NBA009,0.987,1.951,2.938,0.0,0.026000000000000002,2.6,2,3,1,1,0.0008825017942213298,Very low
158,44,35-45,1,24,20+,101,Affluent,NBA010,2.992,2.664,5.656000000000001,0.0,0.055999999999999994,5.6,2,3,2,1,0.0017512481133395664,Very low
159,28,25-35,2,1,<2,24,Mass,NBA008,1.338,2.766,4.104,1.0,0.171,17.1,3,1,4,5,0.6063489177335604,High
160,31,25-35,3,9,5–9,59,Lower Affluent,NBA007,3.11,5.504,8.613999999999999,1.0,0.146,14.6,3,2,3,3,0.3523728787718218,Low
162,36,35-45,3,13,10–19,39,Mass,NBA003,2.801,4.687,7.488,0.0,0.192,19.2,2,1,4,2,0.1517307308311189,Very low
163,35,35-45,2,14,10–19,82,Lower Affluent,NBA003,0.468,0.188,0.656,0.0,0.008,0.8,2,2,1,2,0.005114670942711644,Very low
164,31,25-35,1,11,10–19,47,Mass,NBA012,2.864,2.259,5.122999999999999,0.0,0.109,10.9,3,1,3,2,0.09571825720441259,Very low
165,28,25-35,2,6,5–9,22,Mass,NBA009,0.65,1.88,2.53,0.0,0.115,11.5,3,1,3,3,0.18641697384342687,Very low
166,36,35-45,4,8,5–9,32,Mass,NBA000,0.025,0.487,0.512,0.0,0.016,1.6,2,1,1,3,0.050882279164980455,Very low
167,31,25-35,3,6,5–9,54,Lower Affluent,NBA008,0.402,1.11,1.512,0.0,0.027999999999999997,2.8,3,2,1,3,0.08393935737364325,Very low
168,30,25-35,1,11,10–19,27,Mass,NBA009,0.074,0.169,0.243,0.0,0.009000000000000001,0.9,3,1,1,2,0.02251340530441091,Very low
169,26,25-35,1,10,10–19,24,Mass,NBA006,0.311,0.337,0.648,0.0,0.027000000000000003,2.7,3,1,1,2,0.03506776672601301,Very low
170,48,45-55,4,3,2–4,45,Mass,NBA023,0.975,3.435,4.41,0.0,0.098,9.8,1,1,2,4,0.42923600675447937,Medium
171,39,35-45,2,16,10–19,89,Lower Affluent,NBA009,5.002,7.725,12.727,0.0,0.14300000000000002,14.3,2,2,3,2,0.19520951933891206,Very low
172,31,25-35,1,7,5–9,20,Mass,NBA002,0.111,2.349,2.4600000000000004,0.0,0.12300000000000001,12.3,3,1,3,3,0.15224576258630196,Very low
173,31,25-35,3,9,5–9,28,Mass,NBA002,0.122,0.606,0.728,0.0,0.026000000000000002,2.6,3,1,1,3,0.04462497884545993,Very low
174,27,25-35,3,3,2–4,45,Mass,NBA004,0.292,4.658,4.95,1.0,0.11,11.0,3,1,3,4,0.45927495395072454,Medium
175,31,25-35,1,13,10–19,27,Mass,NBA012,0.238,1.112,1.35,0.0,0.05,5.0,3,1,2,2,0.02039777028231236,Very low
176,53,45-55,1,0,<2,27,Mass,NBA026,2.754,5.049,7.803000000000001,1.0,0.289,28.9,1,1,5,5,0.8971498896116826,Very high
177,40,35-45,1,15,10–19,55,Lower Affluent,NBA014,0.856,2.169,3.025,0.0,0.055,5.5,2,2,2,2,0.014800483768866312,Very low
178,26,25-35,1,7,5–9,22,Mass,NBA003,0.209,0.913,1.122,0.0,0.051,5.1,3,1,2,3,0.0912909601177274,Very low
179,29,25-35,2,5,5–9,36,Mass,NBA004,3.491,0.973,4.464,1.0,0.124,12.4,3,1,3,3,0.32863013643282785,Low
180,52,45-55,1,19,10–19,89,Lower Affluent,NBA025,0.397,3.786,4.183,0.0,0.047,4.7,1,2,1,2,0.004790755647304472,Very low
181,39,35-45,2,2,2–4,46,Mass,NBA012,4.004,3.356,7.359999999999999,1.0,0.16,16.0,2,1,4,4,0.739240392996111,High
182,33,25-35,2,13,10–19,40,Mass,NBA002,0.181,2.699,2.88,0.0,0.07200000000000001,7.2,3,1,2,2,0.029343388085564373,Very low
183,24,18-25,1,7,5–9,21,Mass,NBA002,0.52,0.803,1.323,0.0,0.063,6.3,4,1,2,3,0.09888094365885101,Very low
184,47,45-55,1,29,20+,129,Affluent,NBA018,20.561,12.076,32.637,1.0,0.253,25.3,1,3,5,1,0.8639551741866713,Very high
185,41,35-45,3,2,2–4,15,Mass,NBA000,1.961,1.984,3.9450000000000003,1.0,0.263,26.3,2,1,5,4,0.5876663234856041,Medium
186,26,25-35,2,6,5–9,45,Mass,NBA007,6.049,5.651,11.7,0.0,0.26,26.0,3,1,5,3,0.829686097834821,Very high
187,48,45-55,1,3,2–4,24,Mass,NBA007,0.764,0.916,1.6800000000000002,0.0,0.07,7.0,1,1,2,4,0.27597755725979367,Low
188,37,35-45,1,13,10–19,24,Mass,NBA005,0.602,1.534,2.136,0.0,0.08900000000000001,8.9,2,1,2,2,0.029555123437412293,Very low
192,47,45-55,1,15,10–19,30,Mass,NBA001,2.212,5.138,7.35,0.0,0.245,24.5,1,1,5,2,0.1103138584744419,Very low
194,37,35-45,2,0,<2,31,Mass,NBA013,0.118,0.161,0.279,1.0,0.009000000000000001,0.9,2,1,1,5,0.2960223589622057,Low
195,40,35-45,2,15,10–19,73,Lower Affluent,NBA016,1.033,1.449,2.482,0.0,0.034,3.4,2,2,1,2,0.009072287836424693,Very low
197,21,18-25,2,0,<2,16,Mass,NBA001,0.15,0.938,1.0879999999999999,0.0,0.068,6.8,4,1,2,5,0.4104110954085488,Medium
198,52,45-55,1,24,20+,64,Lower Affluent,NBA014,3.93,2.47,6.4,0.0,0.1,10.0,1,2,3,1,0.004356736137358207,Very low
199,47,45-55,3,16,10–19,221,Affluent,NBA026,15.792,23.104,38.896,1.0,0.17600000000000002,17.6,1,3,4,2,0.9977402597161538,Very high
200,41,35-45,3,0,<2,26,Mass,NBA021,0.099,0.343,0.44200000000000006,0.0,0.017,1.7,2,1,1,5,0.33017359444172717,Low
201,47,45-55,1,27,20+,113,Affluent,NBA008,2.381,8.015,10.396,0.0,0.092,9.2,1,3,2,1,0.003787039032761907,Very low
203,22,18-25,3,1,<2,25,Mass,NBA003,1.977,1.473,3.45,1.0,0.138,13.8,4,1,3,5,0.5337118009987165,Medium
204,39,35-45,1,8,5–9,21,Mass,NBA000,0.276,0.564,0.84,0.0,0.04,4.0,2,1,1,3,0.0687154873226995,Very low
206,51,45-55,1,10,10–19,44,Mass,NBA001,4.96,0.848,5.808,1.0,0.132,13.2,1,1,3,2,0.16929234666202725,Very low
207,33,25-35,2,10,10–19,26,Mass,NBA004,0.031,0.775,0.806,0.0,0.031,3.1,3,1,1,2,0.037001397642974054,Very low
208,43,35-45,1,25,20+,242,Affluent,NBA016,1.636,4.656,6.292,0.0,0.026000000000000002,2.6,2,3,1,1,0.00017796505977788575,Very low
209,40,35-45,1,22,20+,95,Lower Affluent,NBA004,0.633,2.787,3.42,0.0,0.036000000000000004,3.6,2,2,1,1,0.0014120265518974887,Very low
210,27,25-35,4,2,2–4,23,Mass,NBA008,0.32,0.991,1.311,1.0,0.057,5.7,3,1,2,4,0.28764204124139536,Low
211,31,25-35,1,11,10–19,25,Mass,NBA008,0.141,2.134,2.275,0.0,0.091,9.1,3,1,2,2,0.04989219260714939,Very low
213,37,35-45,1,9,5–9,57,Lower Affluent,NBA008,1.357,1.778,3.135,0.0,0.055,5.5,2,2,2,3,0.06883496847487702,Very low
215,42,35-45,1,3,2–4,24,Mass,NBA010,0.667,1.877,2.544,0.0,0.106,10.6,2,1,3,4,0.3425307654723469,Low
216,25,25-35,1,3,2–4,16,Mass,NBA002,1.011,1.837,2.848,1.0,0.17800000000000002,17.8,3,1,4,4,0.39186443870324006,Low
217,39,35-45,2,7,5–9,68,Lower Affluent,NBA002,1.017,7.823,8.84,1.0,0.13,13.0,2,2,3,3,0.4714421811057091,Medium
220,48,45-55,1,15,10–19,60,Lower Affluent,NBA005,0.321,0.939,1.26,0.0,0.021,2.1,1,2,1,2,0.0073219157039963075,Very low
221,21,18-25,2,0,<2,21,Mass,NBA002,0.488,2.137,2.625,1.0,0.125,12.5,4,1,3,5,0.5379615526318187,Medium
222,40,35-45,3,17,10–19,116,Affluent,NBA011,2.561,4.399,6.96,0.0,0.06,6.0,2,3,2,2,0.013953482038997017,Very low
223,31,25-35,2,9,5–9,30,Mass,NBA001,0.602,1.138,1.7399999999999998,0.0,0.057999999999999996,5.8,3,1,2,3,0.06251225515712705,Very low
224,23,18-25,4,0,<2,23,Mass,NBA002,0.468,1.073,1.541,0.0,0.067,6.7,4,1,2,5,0.42541043767748066,Medium
225,31,25-35,1,6,5–9,21,Mass,NBA009,0.729,1.014,1.7429999999999999,0.0,0.083,8.3,3,1,2,3,0.14786560291672055,Very low
226,31,25-35,1,7,5–9,23,Mass,NBA010,0.225,0.902,1.127,0.0,0.049,4.9,3,1,1,3,0.09165738949097531,Very low
227,50,45-55,3,18,10–19,102,Affluent,NBA027,5.782,8.6,14.382,0.0,0.141,14.1,1,3,3,2,0.1810946029219026,Very low
228,29,25-35,1,1,<2,31,Mass,NBA008,0.156,2.324,2.48,0.0,0.08,8.0,3,1,2,5,0.4207081145042103,Medium
229,37,35-45,3,5,5–9,29,Mass,NBA017,1.405,5.729,7.134,0.0,0.24600000000000002,24.6,2,1,5,3,0.6158970340713842,High
230,46,45-55,1,16,10–19,52,Lower Affluent,NBA018,3.032,3.676,6.708,1.0,0.129,12.9,1,2,3,2,0.04710819908151928,Very low
231,39,35-45,1,9,5–9,35,Mass,NBA006,0.233,1.517,1.75,0.0,0.05,5.0,2,1,2,3,0.05971137544894564,Very low
232,34,25-35,1,14,10–19,28,Mass,NBA008,1.138,3.622,4.76,0.0,0.17,17.0,3,1,4,2,0.05579076677794634,Very low
233,27,25-35,1,11,10–19,56,Lower Affluent,NBA008,4.637,4.827,9.463999999999999,0.0,0.16899999999999998,16.9,3,2,4,2,0.3130976595356532,Low
235,41,35-45,1,24,20+,83,Lower Affluent,NBA012,6.589,5.031,11.620000000000001,0.0,0.14,14.0,2,2,3,1,0.020872411754048834,Very low
236,29,25-35,1,1,<2,18,Mass,NBA001,0.03,0.168,0.198,0.0,0.011000000000000001,1.1,3,1,1,5,0.27164483979367476,Low
238,24,18-25,2,0,<2,15,Mass,NBA002,0.321,2.094,2.415,1.0,0.161,16.1,4,1,4,5,0.5505877411425502,Medium
239,32,25-35,3,9,5–9,51,Lower Affluent,NBA010,2.686,9.044,11.73,0.0,0.23,23.0,3,2,5,3,0.6697716349724498,High
240,23,18-25,2,3,2–4,34,Mass,NBA004,0.262,1.234,1.496,0.0,0.044000000000000004,4.4,4,1,1,4,0.21368730288583393,Low
241,31,25-35,1,4,2–4,28,Mass,NBA010,0.291,2.873,3.164,0.0,0.113,11.3,3,1,3,4,0.31123631258489887,Low
242,36,35-45,1,15,10–19,39,Mass,NBA010,0.686,0.562,1.2480000000000002,0.0,0.032,3.2,2,1,1,2,0.00973728449603567,Very low
244,26,25-35,1,10,10–19,32,Mass,NBA002,0.126,1.378,1.504,0.0,0.047,4.7,3,1,1,2,0.04238516102843565,Very low
247,43,35-45,1,10,10–19,69,Lower Affluent,NBA009,0.411,4.005,4.4159999999999995,0.0,0.064,6.4,2,2,2,2,0.07143360279656603,Very low
248,37,35-45,1,18,10–19,54,Lower Affluent,NBA008,4.593,1.941,6.534,0.0,0.121,12.1,2,2,3,2,0.02473969169485576,Very low
250,28,25-35,4,1,<2,26,Mass,NBA003,0.377,2.847,3.224,0.0,0.124,12.4,3,1,3,5,0.5130433091797321,Medium
251,28,25-35,1,8,5–9,30,Mass,NBA006,0.613,1.547,2.16,0.0,0.07200000000000001,7.2,3,1,2,3,0.09177366856853121,Very low
252,26,25-35,3,2,2–4,37,Mass,NBA001,0.205,5.049,5.2540000000000004,0.0,0.142,14.2,3,1,3,4,0.587825744822281,Medium
253,39,35-45,1,10,10–19,31,Mass,NBA004,0.185,1.303,1.488,0.0,0.048,4.8,2,1,1,2,0.04495137068368502,Very low
254,34,25-35,2,3,2–4,21,Mass,NBA008,1.402,3.449,4.851,0.0,0.231,23.1,3,1,5,4,0.5690188242153461,Medium
255,51,45-55,3,16,10–19,82,Lower Affluent,NBA025,2.605,1.003,3.6079999999999997,0.0,0.044000000000000004,4.4,1,2,1,2,0.009542084298008194,Very low
256,28,25-35,2,3,2–4,41,Mass,NBA004,5.897,4.394,10.291,1.0,0.251,25.1,3,1,5,4,0.8736631584488338,Very high
257,39,35-45,1,20,20+,39,Mass,NBA012,0.774,2.424,3.198,0.0,0.08199999999999999,8.2,2,1,2,1,0.005482612617593303,Very low
258,23,18-25,1,3,2–4,19,Mass,NBA000,0.279,1.317,1.596,1.0,0.084,8.4,4,1,2,4,0.26780938791973324,Low
260,21,18-25,1,4,2–4,26,Mass,NBA000,1.421,0.893,2.314,0.0,0.08900000000000001,8.9,4,1,2,4,0.24494632232017333,Low
261,40,35-45,1,3,2–4,23,Mass,NBA013,0.409,1.178,1.587,0.0,0.069,6.9,2,1,2,4,0.2661022057166376,Low
263,32,25-35,2,12,10–19,54,Lower Affluent,NBA001,3.196,4.58,7.776,0.0,0.14400000000000002,14.4,3,2,3,2,0.16372500235687074,Very low
264,29,25-35,3,3,2–4,50,Lower Affluent,NBA003,0.259,0.941,1.2,1.0,0.024,2.4,3,2,1,4,0.1608076493339636,Very low
265,43,35-45,1,25,20+,64,Lower Affluent,NBA021,0.951,9.737,10.688,0.0,0.16699999999999998,16.7,2,2,4,1,0.01582690135028552,Very low
266,55,55-65,1,3,2–4,40,Mass,NBA011,0.563,2.637,3.2,1.0,0.08,8.0,2,1,2,4,0.34746800916108783,Low
268,38,35-45,3,15,10–19,63,Lower Affluent,NBA018,5.091,3.351,8.442,0.0,0.134,13.4,2,2,3,2,0.09021808369574766,Very low
269,40,35-45,1,2,2–4,28,Mass,NBA003,0.185,1.803,1.988,0.0,0.071,7.1,2,1,2,4,0.33623908443014255,Low
270,43,35-45,1,12,10–19,38,Mass,NBA011,0.129,1.239,1.368,0.0,0.036000000000000004,3.6,2,1,1,2,0.023332169645383,Very low
271,35,35-45,2,1,<2,24,Mass,NBA008,0.591,2.409,3.0,1.0,0.125,12.5,2,1,3,5,0.5075290002338824,Medium
272,24,18-25,1,8,5–9,24,Mass,NBA004,0.382,0.818,1.2,0.0,0.05,5.0,4,1,2,3,0.07071756036981891,Very low
275,41,35-45,2,5,5–9,25,Mass,NBA005,0.393,2.157,2.55,0.0,0.102,10.2,2,1,3,3,0.23073729532834514,Low
276,28,25-35,1,2,2–4,17,Mass,NBA002,0.199,0.226,0.42500000000000004,1.0,0.025,2.5,3,1,1,4,0.24055994835149364,Low
277,24,18-25,2,2,2–4,28,Mass,NBA000,1.787,3.057,4.843999999999999,1.0,0.17300000000000001,17.3,4,1,4,4,0.588550822023764,Medium
278,40,35-45,3,3,2–4,55,Lower Affluent,NBA015,1.751,7.324,9.075,1.0,0.165,16.5,2,2,4,4,0.7800274706311158,High
279,29,25-35,1,8,5–9,27,Mass,NBA006,0.402,2.244,2.6460000000000004,0.0,0.098,9.8,3,1,2,3,0.11420832584496873,Very low
280,26,25-35,2,4,2–4,28,Mass,NBA003,0.226,2.434,2.66,0.0,0.095,9.5,3,1,2,4,0.26733953868317006,Low
283,41,35-45,1,15,10–19,120,Affluent,NBA014,2.659,0.821,3.4799999999999995,0.0,0.028999999999999998,2.9,2,3,1,2,0.0062273469188738355,Very low
284,26,25-35,1,0,<2,14,Mass,NBA000,0.256,1.214,1.47,0.0,0.105,10.5,3,1,3,5,0.46248862600595797,Medium
285,48,45-55,1,22,20+,100,Affluent,NBA015,3.704,5.396,9.1,0.0,0.091,9.1,1,3,2,1,0.010928947360630718,Very low
287,35,35-45,1,15,10–19,77,Lower Affluent,NBA001,5.501,2.661,8.162,0.0,0.106,10.6,2,2,3,2,0.06521029041052151,Very low
288,23,18-25,1,7,5–9,31,Mass,NBA002,0.338,1.708,2.046,0.0,0.066,6.6,4,1,2,3,0.10846656785154422,Very low
289,39,35-45,2,20,20+,101,Affluent,NBA017,0.341,1.073,1.414,0.0,0.013999999999999999,1.4,2,3,1,1,0.0010348290651190336,Very low
290,38,35-45,1,21,20+,58,Lower Affluent,NBA016,4.584,4.986,9.57,0.0,0.165,16.5,2,2,4,1,0.03232158418607283,Very low
291,30,25-35,1,4,2–4,33,Mass,NBA000,0.5,0.886,1.3860000000000001,0.0,0.042,4.2,3,1,1,4,0.17264319712369525,Very low
293,33,25-35,1,0,<2,23,Mass,NBA012,0.077,0.13,0.20700000000000002,0.0,0.009000000000000001,0.9,3,1,1,5,0.3139846648627304,Low
294,34,25-35,1,15,10–19,39,Mass,NBA002,4.373,5.26,9.633,1.0,0.247,24.7,3,1,5,2,0.1904731636233284,Very low
295,27,25-35,2,6,5–9,34,Mass,NBA001,0.238,1.258,1.496,0.0,0.044000000000000004,4.4,3,1,1,3,0.11050879290621254,Very low
296,30,25-35,1,1,<2,22,Mass,NBA010,1.139,1.171,2.31,0.0,0.105,10.5,3,1,3,5,0.4449648554183317,Medium
297,27,25-35,2,1,<2,20,Mass,NBA000,0.377,1.683,2.06,1.0,0.10300000000000001,10.3,3,1,3,5,0.42715572026692,Medium
298,29,25-35,1,9,5–9,30,Mass,NBA008,0.155,2.305,2.46,0.0,0.08199999999999999,8.2,3,1,2,3,0.08023425263892055,Very low
299,25,25-35,4,1,<2,34,Mass,NBA001,0.133,2.757,2.89,1.0,0.085,8.5,3,1,2,5,0.44260979877097995,Medium
300,41,35-45,1,23,20+,91,Lower Affluent,NBA002,0.573,11.894,12.467,0.0,0.13699999999999998,13.7,2,2,3,1,0.032247719737472626,Very low
301,42,35-45,2,11,10–19,73,Lower Affluent,NBA005,2.869,2.095,4.964,0.0,0.068,6.8,2,2,2,2,0.06320792014684262,Very low
302,38,35-45,3,12,10–19,64,Lower Affluent,NBA018,0.895,2.817,3.712,0.0,0.057999999999999996,5.8,2,2,2,2,0.03564658631152575,Very low
303,23,18-25,1,5,5–9,17,Mass,NBA002,0.302,1.041,1.343,0.0,0.079,7.9,4,1,2,3,0.16776881662039825,Very low
304,33,25-35,1,2,2–4,24,Mass,NBA010,1.041,1.263,2.304,0.0,0.096,9.6,3,1,2,4,0.3741472790333205,Low
305,31,25-35,1,2,2–4,22,Mass,NBA002,1.739,1.869,3.608,1.0,0.16399999999999998,16.4,3,1,4,4,0.5060745961424639,Medium
306,37,35-45,2,6,5–9,62,Lower Affluent,NBA013,1.186,4.084,5.27,0.0,0.085,8.5,2,2,2,3,0.2517381934511912,Low
307,40,35-45,1,10,10–19,45,Mass,NBA015,2.013,6.447,8.46,0.0,0.188,18.8,2,1,4,2,0.34303818806152314,Low
309,35,35-45,2,3,2–4,40,Mass,NBA011,1.803,5.077,6.88,1.0,0.172,17.2,2,1,4,4,0.6653136581079906,High
310,38,35-45,1,6,5–9,41,Mass,NBA000,0.266,3.383,3.649,0.0,0.08900000000000001,8.9,2,1,2,3,0.20718843035900777,Low
311,30,25-35,2,8,5–9,56,Lower Affluent,NBA004,0.333,3.251,3.584,0.0,0.064,6.4,3,2,2,3,0.10145333524935472,Very low
312,30,25-35,1,1,<2,17,Mass,NBA008,0.746,1.124,1.87,0.0,0.11,11.0,3,1,3,5,0.4256816209416529,Medium
314,29,25-35,2,3,2–4,15,Mass,NBA008,0.147,0.243,0.39,0.0,0.026000000000000002,2.6,3,1,1,4,0.1990339906582804,Very low
315,39,35-45,1,19,10–19,45,Mass,NBA016,0.916,0.749,1.665,0.0,0.037000000000000005,3.7,2,1,1,2,0.003630444340155185,Very low
318,31,25-35,2,0,<2,27,Mass,NBA004,1.089,2.367,3.456,1.0,0.128,12.8,3,1,3,5,0.5989664319605927,Medium
320,38,35-45,1,0,<2,23,Mass,NBA008,0.898,0.965,1.863,1.0,0.081,8.1,2,1,2,5,0.4709480321719313,Medium
321,41,35-45,3,13,10–19,91,Lower Affluent,NBA013,2.316,20.616,22.932,1.0,0.252,25.2,2,2,5,2,0.9586613564063222,Very high
322,41,35-45,2,2,2–4,30,Mass,NBA022,0.113,1.897,2.0100000000000002,0.0,0.067,6.7,2,1,2,4,0.33133879958207796,Low
323,45,45-55,3,5,5–9,94,Lower Affluent,NBA017,3.612,6.258,9.870000000000001,1.0,0.105,10.5,1,2,3,3,0.5965239108771613,Medium
325,22,18-25,1,4,2–4,16,Mass,NBA001,0.084,0.108,0.192,0.0,0.012,1.2,4,1,1,4,0.14405499925520335,Very low
326,34,25-35,1,13,10–19,56,Lower Affluent,NBA008,0.864,2.552,3.416,0.0,0.061,6.1,3,2,2,2,0.027675029162002714,Very low
327,25,25-35,1,0,<2,18,Mass,NBA002,0.514,2.888,3.402,1.0,0.18899999999999997,18.9,3,1,4,5,0.6308039799123033,High
328,29,25-35,2,6,5–9,18,Mass,NBA007,0.45,0.468,0.918,1.0,0.051,5.1,3,1,2,3,0.11596737714803111,Very low
329,35,35-45,2,13,10–19,105,Affluent,NBA003,1.418,0.577,1.9949999999999999,0.0,0.019,1.9,2,3,1,2,0.00758644312017208,Very low
330,39,35-45,1,19,10–19,48,Mass,NBA005,1.93,4.358,6.287999999999999,0.0,0.131,13.1,2,1,3,2,0.019425439629905065,Very low
331,34,25-35,1,17,10–19,59,Lower Affluent,NBA003,1.808,2.912,4.72,0.0,0.08,8.0,3,2,2,2,0.015001411886264476,Very low
332,44,35-45,2,21,20+,113,Affluent,NBA014,3.192,11.724,14.916,0.0,0.132,13.2,2,3,3,1,0.08985722560665516,Very low
333,23,18-25,2,0,<2,21,Mass,NBA002,0.776,1.618,2.394,1.0,0.114,11.4,4,1,3,5,0.5173316145038639,Medium
334,46,45-55,1,6,5–9,31,Mass,NBA019,1.986,1.796,3.782,0.0,0.122,12.2,1,1,3,3,0.25261053793414223,Low
335,41,35-45,4,9,5–9,47,Mass,NBA013,0.437,1.913,2.35,0.0,0.05,5.0,2,1,2,3,0.06180509992635369,Very low
336,52,45-55,1,9,5–9,24,Mass,NBA011,0.802,3.806,4.6080000000000005,1.0,0.192,19.2,1,1,4,3,0.19669565075023088,Very low
337,23,18-25,1,1,<2,17,Mass,NBA000,0.012,0.26,0.272,0.0,0.016,1.6,4,1,1,5,0.2760645907186561,Low
338,48,45-55,1,28,20+,70,Lower Affluent,NBA025,4.334,4.066,8.399999999999999,0.0,0.12,12.0,1,2,3,1,0.0028270683092389845,Very low
340,53,45-55,2,16,10–19,44,Mass,NBA031,1.333,1.131,2.464,0.0,0.055999999999999994,5.6,1,1,2,2,0.01162032649705184,Very low
341,39,35-45,3,11,10–19,39,Mass,NBA017,2.561,2.47,5.031000000000001,0.0,0.129,12.9,2,1,3,2,0.10815167277583063,Very low
342,37,35-45,1,20,20+,56,Lower Affluent,NBA002,0.543,0.521,1.064,0.0,0.019,1.9,2,2,1,1,0.001846651994839834,Very low
344,49,45-55,2,2,2–4,20,Mass,NBA013,0.379,3.001,3.38,1.0,0.16899999999999998,16.9,1,1,4,4,0.511533542494229,Medium
345,39,35-45,1,23,20+,75,Lower Affluent,NBA001,3.133,11.042,14.175,0.0,0.18899999999999997,18.9,2,2,4,1,0.07565390105311655,Very low
346,42,35-45,2,7,5–9,41,Mass,NBA023,0.941,0.945,1.886,0.0,0.046,4.6,2,1,1,3,0.09445825502986016,Very low
347,28,25-35,2,1,<2,16,Mass,NBA004,0.574,1.778,2.352,0.0,0.147,14.7,3,1,3,5,0.4764395995348634,Medium
348,27,25-35,3,5,5–9,75,Lower Affluent,NBA001,2.207,2.518,4.725,0.0,0.063,6.3,3,2,2,3,0.21759278666763324,Low
349,24,18-25,1,2,2–4,21,Mass,NBA001,0.025,0.101,0.126,0.0,0.006,0.6,4,1,1,4,0.2060918100615531,Low
350,34,25-35,1,5,5–9,33,Mass,NBA003,0.778,1.631,2.409,0.0,0.073,7.3,3,1,2,3,0.19366040647808444,Very low
351,47,45-55,1,31,20+,136,Affluent,NBA009,14.231,17.185,31.415999999999997,1.0,0.231,23.1,1,3,5,1,0.6785956430003119,High
352,26,25-35,4,1,<2,27,Mass,NBA007,0.312,0.471,0.7829999999999999,0.0,0.028999999999999998,2.9,3,1,1,5,0.2856184172425144,Low
353,35,35-45,1,17,10–19,42,Mass,NBA004,0.093,1.167,1.26,0.0,0.03,3.0,2,1,1,2,0.005472935623363466,Very low
354,31,25-35,1,6,5–9,33,Mass,NBA012,0.146,1.24,1.386,0.0,0.042,4.2,3,1,1,3,0.10955030908759711,Very low
355,29,25-35,1,13,10–19,27,Mass,NBA007,0.069,0.552,0.621,0.0,0.023,2.3,3,1,1,2,0.015351585893749168,Very low
356,44,35-45,1,9,5–9,33,Mass,NBA020,0.546,1.17,1.716,0.0,0.052000000000000005,5.2,2,1,2,3,0.06199680313904744,Very low
357,40,35-45,2,13,10–19,102,Affluent,NBA011,6.227,13.051,19.278,1.0,0.18899999999999997,18.9,2,3,4,2,0.8315008963570184,Very high
358,36,35-45,4,1,<2,30,Mass,NBA017,0.324,3.126,3.4499999999999997,0.0,0.115,11.5,2,1,3,5,0.5243353880106701,Medium
360,21,18-25,1,1,<2,18,Mass,NBA001,0.159,2.955,3.114,0.0,0.17300000000000001,17.3,4,1,4,5,0.5348415925998399,Medium
361,42,35-45,4,15,10–19,186,Affluent,NBA008,2.404,4.292,6.696,0.0,0.036000000000000004,3.6,2,3,1,2,0.00712847885240465,Very low
362,37,35-45,2,4,2–4,20,Mass,NBA011,0.174,4.166,4.340000000000001,1.0,0.217,21.7,2,1,5,4,0.4612811444805597,Medium
363,24,18-25,1,6,5–9,21,Mass,NBA002,0.108,0.984,1.092,0.0,0.052000000000000005,5.2,4,1,2,3,0.11565753685517788,Very low
364,24,18-25,4,0,<2,29,Mass,NBA003,0.59,1.324,1.9140000000000001,1.0,0.066,6.6,4,1,2,5,0.4362977943686777,Medium
365,46,45-55,3,4,2–4,73,Lower Affluent,NBA017,2.223,1.719,3.942,0.0,0.054000000000000006,5.4,1,2,2,4,0.23175817954528202,Low
366,28,25-35,1,2,2–4,16,Mass,NBA009,0.871,1.561,2.432,0.0,0.152,15.2,3,1,4,4,0.4186378735542984,Medium
367,41,35-45,1,16,10–19,68,Lower Affluent,NBA017,0.448,3.224,3.672,0.0,0.054000000000000006,5.4,2,2,2,2,0.011764940585157662,Very low
368,46,45-55,5,15,10–19,126,Affluent,NBA000,0.477,3.429,3.9059999999999997,0.0,0.031,3.1,1,3,1,2,0.006750040675014839,Very low
369,51,45-55,2,22,20+,120,Affluent,NBA023,4.14,4.98,9.120000000000001,0.0,0.076,7.6,1,3,2,1,0.008068684516350651,Very low
370,36,35-45,1,17,10–19,54,Lower Affluent,NBA006,0.727,1.649,2.376,0.0,0.044000000000000004,4.4,2,2,1,2,0.006872302393154197,Very low
371,25,25-35,1,1,<2,20,Mass,NBA000,0.472,0.868,1.3399999999999999,1.0,0.067,6.7,3,1,2,5,0.35784788425003705,Low
372,27,25-35,2,3,2–4,33,Mass,NBA005,1.633,2.723,4.356,0.0,0.132,13.2,3,1,3,4,0.4558035161476587,Medium
373,43,35-45,1,23,20+,72,Lower Affluent,NBA019,1.182,4.29,5.4719999999999995,0.0,0.076,7.6,2,2,2,1,0.00340249900339634,Very low
374,53,45-55,1,6,5–9,27,Mass,NBA007,0.594,1.134,1.7279999999999998,1.0,0.064,6.4,1,1,2,3,0.14470408597313453,Very low
375,32,25-35,1,4,2–4,16,Mass,NBA003,0.894,3.666,4.56,1.0,0.285,28.5,3,1,5,4,0.5020135424143547,Medium
376,36,35-45,1,0,<2,25,Mass,NBA013,2.778,2.147,4.925,0.0,0.19699999999999998,19.7,2,1,4,5,0.7365470853883014,High
378,35,35-45,1,18,10–19,42,Mass,NBA002,0.205,2.903,3.108,0.0,0.07400000000000001,7.4,2,1,2,2,0.008417094230261832,Very low
379,32,25-35,2,0,<2,18,Mass,NBA006,0.296,0.748,1.044,1.0,0.057999999999999996,5.8,3,1,2,5,0.4078904629120616,Medium
381,42,35-45,1,2,2–4,30,Mass,NBA016,1.472,1.438,2.91,0.0,0.09699999999999999,9.7,2,1,2,4,0.4127535619002254,Medium
382,25,25-35,1,9,5–9,20,Mass,NBA002,0.105,0.595,0.7,0.0,0.035,3.5,3,1,1,3,0.049002412079205596,Very low
383,20,18-25,3,0,<2,17,Mass,NBA001,0.044,0.347,0.39099999999999996,0.0,0.023,2.3,4,1,1,5,0.3402369884559476,Low
384,50,45-55,1,4,2–4,23,Mass,NBA004,0.141,2.734,2.875,0.0,0.125,12.5,1,1,3,4,0.32315739622903394,Low
385,46,45-55,2,22,20+,144,Affluent,NBA017,3.325,12.659,15.984000000000002,0.0,0.111,11.1,1,3,3,1,0.06374129861954889,Very low
386,33,25-35,1,15,10–19,32,Mass,NBA003,0.491,1.941,2.432,0.0,0.076,7.6,3,1,2,2,0.016863442975381577,Very low
387,43,35-45,1,19,10–19,79,Lower Affluent,NBA011,0.782,5.143,5.925,0.0,0.075,7.5,2,2,2,2,0.010338330135864575,Very low
388,30,25-35,2,4,2–4,21,Mass,NBA004,0.492,3.351,3.843,0.0,0.183,18.3,3,1,4,4,0.4014705867140889,Medium
389,34,25-35,1,3,2–4,36,Mass,NBA014,0.624,1.068,1.6920000000000002,0.0,0.047,4.7,3,1,1,4,0.22825042673557452,Low
390,37,35-45,1,3,2–4,25,Mass,NBA003,0.276,0.649,0.925,0.0,0.037000000000000005,3.7,2,1,1,4,0.21117446520961,Low
391,38,35-45,1,4,2–4,19,Mass,NBA009,1.245,1.339,2.584,0.0,0.136,13.6,2,1,3,4,0.3051800855424594,Low
392,32,25-35,2,11,10–19,57,Lower Affluent,NBA004,5.44,8.126,13.565999999999999,1.0,0.23800000000000002,23.8,3,2,5,2,0.6801133470716931,High
393,39,35-45,1,15,10–19,39,Mass,NBA016,0.14,0.562,0.7020000000000001,0.0,0.018000000000000002,1.8,2,1,1,2,0.00802192688272041,Very low
394,31,25-35,1,7,5–9,41,Mass,NBA011,2.996,9.591,12.587,1.0,0.307,30.7,3,1,5,3,0.8520641462236339,Very high
395,25,25-35,1,5,5–9,22,Mass,NBA005,0.403,1.995,2.398,0.0,0.109,10.9,3,1,3,3,0.21913800259880026,Low
398,45,45-55,2,21,20+,132,Affluent,NBA026,2.558,1.402,3.96,0.0,0.03,3.0,1,3,1,1,0.0012693482842714996,Very low
399,39,35-45,1,4,2–4,38,Mass,NBA009,1.178,1.292,2.4699999999999998,0.0,0.065,6.5,2,1,2,4,0.23107752103319143,Low
401,24,18-25,2,3,2–4,24,Mass,NBA001,2.173,2.411,4.584,0.0,0.191,19.1,4,1,4,4,0.5176738420361703,Medium
402,30,25-35,1,10,10–19,19,Mass,NBA002,0.336,0.5,0.8360000000000001,0.0,0.044000000000000004,4.4,3,1,1,2,0.04142539178765321,Very low
403,30,25-35,1,0,<2,19,Mass,NBA008,0.624,2.53,3.154,1.0,0.166,16.6,3,1,4,5,0.6072266968865977,High
404,27,25-35,1,0,<2,18,Mass,NBA007,0.583,1.721,2.3040000000000003,0.0,0.128,12.8,3,1,3,5,0.5269138835116958,Medium
405,31,25-35,1,5,5–9,25,Mass,NBA003,1.177,2.348,3.525,0.0,0.141,14.1,3,1,3,3,0.2962704154041595,Low
406,47,45-55,3,9,5–9,52,Lower Affluent,NBA001,2.54,7.912,10.452,1.0,0.201,20.1,1,2,5,3,0.5663784361078684,Medium
407,47,45-55,2,4,2–4,33,Mass,NBA009,1.195,1.148,2.343,1.0,0.071,7.1,1,1,2,4,0.24331063080037346,Low
408,45,45-55,2,15,10–19,51,Lower Affluent,NBA014,1.551,7.68,9.231,0.0,0.18100000000000002,18.1,1,2,4,2,0.14447450485635827,Very low
411,29,25-35,1,12,10–19,40,Mass,NBA002,1.632,1.048,2.6799999999999997,0.0,0.067,6.7,3,1,2,2,0.03474739768368742,Very low
412,36,35-45,2,12,10–19,60,Lower Affluent,NBA013,1.721,3.019,4.74,0.0,0.079,7.9,2,2,2,2,0.05441514836924971,Very low
413,29,25-35,2,10,10–19,44,Mass,NBA008,3.703,4.261,7.964,0.0,0.18100000000000002,18.1,3,1,4,2,0.29692327995457474,Low
414,39,35-45,1,2,2–4,22,Mass,NBA015,1.916,3.166,5.082,1.0,0.231,23.1,2,1,5,4,0.6529387993297866,High
415,22,18-25,2,0,<2,35,Mass,NBA001,0.781,2.369,3.1500000000000004,1.0,0.09,9.0,4,1,2,5,0.5264007558429296,Medium
416,46,45-55,1,14,10–19,35,Mass,NBA025,1.349,2.221,3.5700000000000003,0.0,0.102,10.2,1,1,3,2,0.03337689483919653,Very low
418,37,35-45,1,1,<2,24,Mass,NBA003,1.801,1.823,3.6239999999999997,1.0,0.151,15.1,2,1,4,5,0.5696888245873621,Medium
419,42,35-45,1,12,10–19,51,Lower Affluent,NBA011,2.412,8.502,10.914000000000001,0.0,0.214,21.4,2,2,5,2,0.41120581449943794,Medium
421,34,25-35,1,18,10–19,53,Lower Affluent,NBA010,0.84,4.725,5.5649999999999995,0.0,0.105,10.5,3,2,3,2,0.017413717361295992,Very low
422,38,35-45,3,12,10–19,63,Lower Affluent,NBA014,5.715,4.365,10.08,1.0,0.16,16.0,2,2,4,2,0.2890393779943379,Low
424,35,35-45,2,9,5–9,30,Mass,NBA016,0.65,1.63,2.28,0.0,0.076,7.6,2,1,2,3,0.0769302485587135,Very low
426,45,45-55,2,18,10–19,35,Mass,NBA019,0.548,5.542,6.09,0.0,0.174,17.4,1,1,4,2,0.03007513790530111,Very low
427,43,35-45,1,4,2–4,29,Mass,NBA002,0.053,1.281,1.3339999999999999,0.0,0.046,4.6,2,1,1,4,0.18702769326480176,Very low
428,54,45-55,1,9,5–9,28,Mass,NBA002,1.558,2.586,4.144,1.0,0.14800000000000002,14.8,1,1,3,3,0.16013384832441704,Very low
429,35,35-45,3,7,5–9,38,Mass,NBA005,1.383,4.355,5.738,0.0,0.151,15.1,2,1,4,3,0.31551029002657954,Low
430,28,25-35,1,4,2–4,19,Mass,NBA007,0.287,0.492,0.7789999999999999,0.0,0.040999999999999995,4.1,3,1,1,4,0.1714817967513675,Very low
431,39,35-45,1,16,10–19,52,Lower Affluent,NBA004,4.16,6.24,10.4,0.0,0.2,20.0,2,2,5,2,0.16156308550186443,Very low
433,32,25-35,2,2,2–4,15,Mass,NBA011,0.119,1.246,1.365,1.0,0.091,9.1,3,1,2,4,0.32710639380497813,Low
434,22,18-25,3,0,<2,18,Mass,NBA001,0.478,0.908,1.3860000000000001,0.0,0.077,7.7,4,1,2,5,0.4314055571691075,Medium
435,41,35-45,3,18,10–19,71,Lower Affluent,NBA006,6.566,4.581,11.147,1.0,0.157,15.7,2,2,4,2,0.09759677712359283,Very low
436,34,25-35,2,4,2–4,25,Mass,NBA010,0.57,0.88,1.45,0.0,0.057999999999999996,5.8,3,1,2,4,0.19907360913193176,Very low
437,34,25-35,2,9,5–9,27,Mass,NBA007,0.295,0.164,0.45899999999999996,0.0,0.017,1.7,3,1,1,3,0.04150484401628496,Very low
438,31,25-35,1,1,<2,24,Mass,NBA001,0.217,0.863,1.08,0.0,0.045,4.5,3,1,1,5,0.32473261282379545,Low
439,55,55-65,1,19,10–19,78,Lower Affluent,NBA002,4.405,7.763,12.168,0.0,0.156,15.6,2,2,4,2,0.102064851342029,Very low
440,40,35-45,1,21,20+,46,Mass,NBA021,0.967,1.885,2.852,0.0,0.062,6.2,2,1,2,1,0.0032968406390488404,Very low
441,41,35-45,1,13,10–19,44,Mass,NBA010,0.071,0.677,0.748,0.0,0.017,1.7,2,1,1,2,0.012863486462597667,Very low
442,43,35-45,2,10,10–19,37,Mass,NBA024,0.676,2.469,3.145,0.0,0.085,8.5,2,1,2,2,0.07518031881506543,Very low
443,36,35-45,1,6,5–9,26,Mass,NBA009,0.03,2.128,2.158,0.0,0.083,8.3,2,1,2,3,0.15980933162929137,Very low
444,51,45-55,2,31,20+,249,Affluent,NBA014,4.273,15.149,19.421999999999997,0.0,0.078,7.8,1,3,2,1,0.0041104111111735665,Very low
446,27,25-35,3,5,5–9,42,Mass,NBA004,2.708,5.65,8.358,1.0,0.19899999999999998,19.9,3,1,4,3,0.6562403183378606,High
447,36,35-45,2,11,10–19,49,Mass,NBA008,0.273,0.364,0.637,0.0,0.013000000000000001,1.3,2,1,1,2,0.018896214287825022,Very low
448,38,35-45,1,5,5–9,54,Lower Affluent,NBA005,1.5,4.224,5.724,0.0,0.106,10.6,2,2,3,3,0.37404313124942834,Low
449,47,45-55,1,17,10–19,43,Mass,NBA021,0.588,1.82,2.408,0.0,0.055999999999999994,5.6,1,1,2,2,0.008684287389854928,Very low
450,33,25-35,1,13,10–19,42,Mass,NBA013,0.228,1.284,1.512,0.0,0.036000000000000004,3.6,3,1,1,2,0.017117417316918432,Very low
451,41,35-45,3,12,10–19,86,Lower Affluent,NBA011,4.991,17.799,22.79,1.0,0.265,26.5,2,2,5,2,0.9690737213799466,Very high
452,33,25-35,1,9,5–9,29,Mass,NBA004,1.349,2.653,4.002,1.0,0.138,13.8,3,1,3,3,0.1402944514869303,Very low
453,21,18-25,3,0,<2,26,Mass,NBA001,1.53,0.472,2.002,0.0,0.077,7.7,4,1,2,5,0.4546268716180001,Medium
454,34,25-35,1,0,<2,21,Mass,NBA001,0.187,1.325,1.512,0.0,0.07200000000000001,7.2,3,1,2,5,0.4418726993440156,Medium
455,51,45-55,2,27,20+,166,Affluent,NBA021,0.821,18.269,19.09,0.0,0.115,11.5,1,3,3,1,0.03875083949507679,Very low
456,36,35-45,2,0,<2,30,Mass,NBA017,0.329,2.581,2.91,0.0,0.09699999999999999,9.7,2,1,2,5,0.5389624035575187,Medium
457,23,18-25,2,0,<2,17,Mass,NBA001,2.044,2.665,4.709,1.0,0.27699999999999997,27.7,4,1,5,5,0.7448300024121917,High
459,29,25-35,1,7,5–9,22,Mass,NBA009,0.551,1.583,2.134,0.0,0.09699999999999999,9.7,3,1,2,3,0.13118566892747632,Very low
460,46,45-55,3,9,5–9,60,Lower Affluent,NBA010,1.607,7.574,9.181,0.0,0.153,15.3,1,2,4,3,0.41220514365809835,Medium
461,45,45-55,3,2,2–4,39,Mass,NBA005,0.459,1.452,1.911,0.0,0.049,4.9,1,1,1,4,0.29411330060849566,Low
462,41,35-45,3,17,10–19,176,Affluent,NBA012,11.359,5.009,16.368000000000002,1.0,0.09300000000000001,9.3,2,3,2,2,0.14766547794054596,Very low
463,28,25-35,1,4,2–4,16,Mass,NBA001,1.085,2.723,3.808,0.0,0.23800000000000002,23.8,3,1,5,4,0.4233479170849837,Medium
464,37,35-45,1,6,5–9,29,Mass,NBA009,1.716,3.011,4.727,0.0,0.163,16.3,2,1,4,3,0.32741231297322254,Low
465,25,25-35,1,8,5–9,35,Mass,NBA001,0.077,0.938,1.015,0.0,0.028999999999999998,2.9,3,1,1,3,0.055956889182752226,Very low
466,48,45-55,3,0,<2,19,Mass,NBA027,0.85,1.202,2.052,0.0,0.10800000000000001,10.8,1,1,3,5,0.5176597326741503,Medium
467,37,35-45,3,12,10–19,83,Lower Affluent,NBA008,0.32,3.083,3.403,0.0,0.040999999999999995,4.1,2,2,1,2,0.02354269584989934,Very low
468,32,25-35,1,3,2–4,23,Mass,NBA010,0.053,1.373,1.426,0.0,0.062,6.2,3,1,2,4,0.24813609115477112,Low
469,31,25-35,1,15,10–19,60,Lower Affluent,NBA002,0.804,2.076,2.88,0.0,0.048,4.8,3,2,1,2,0.01249903187637178,Very low
470,48,45-55,4,14,10–19,59,Lower Affluent,NBA010,4.936,4.799,9.735,1.0,0.165,16.5,1,2,4,2,0.18957258675692654,Very low
471,45,45-55,1,22,20+,91,Lower Affluent,NBA024,1.256,9.391,10.647,0.0,0.11699999999999999,11.7,1,2,3,1,0.021983623338042647,Very low
473,39,35-45,1,19,10–19,46,Mass,NBA008,2.516,1.67,4.186,0.0,0.091,9.1,2,1,2,2,0.009195731445482282,Very low
474,41,35-45,1,19,10–19,96,Lower Affluent,NBA001,2.254,5.234,7.4879999999999995,0.0,0.078,7.8,2,2,2,2,0.01383520063696494,Very low
475,50,45-55,2,15,10–19,60,Lower Affluent,NBA031,0.468,0.192,0.66,0.0,0.011000000000000001,1.1,1,2,1,2,0.005903104646100975,Very low
476,22,18-25,3,0,<2,23,Mass,NBA000,0.373,1.559,1.932,1.0,0.084,8.4,4,1,2,5,0.46205492075996546,Medium
477,43,35-45,2,6,5–9,54,Lower Affluent,NBA024,0.622,4.562,5.184,0.0,0.096,9.6,2,2,2,3,0.2760333173013986,Low
478,33,25-35,1,8,5–9,27,Mass,NBA007,0.777,0.789,1.566,0.0,0.057999999999999996,5.8,3,1,2,3,0.07944889467030486,Very low
479,29,25-35,1,11,10–19,32,Mass,NBA007,0.927,0.993,1.92,0.0,0.06,6.0,3,1,2,2,0.038687966243358206,Very low
480,24,18-25,1,3,2–4,21,Mass,NBA003,2.682,3.387,6.069,1.0,0.289,28.9,4,1,5,4,0.6718326927953581,High
482,37,35-45,4,1,<2,33,Mass,NBA014,2.694,2.619,5.313000000000001,1.0,0.161,16.1,2,1,4,5,0.6813519862914902,High
483,34,25-35,2,8,5–9,78,Lower Affluent,NBA006,2.157,2.055,4.212,0.0,0.054000000000000006,5.4,3,2,2,3,0.091907702389528,Very low
484,22,18-25,1,1,<2,17,Mass,NBA003,0.806,2.356,3.162,0.0,0.18600000000000003,18.6,4,1,4,5,0.5459575045030993,Medium
485,41,35-45,1,4,2–4,25,Mass,NBA019,1.06,1.464,2.524,0.0,0.10099999999999999,10.1,2,1,3,4,0.279269061254737,Low
486,32,25-35,2,7,5–9,32,Mass,NBA010,0.433,0.943,1.376,0.0,0.043,4.3,3,1,1,3,0.08748090504958028,Very low
487,35,35-45,1,15,10–19,40,Mass,NBA011,1.214,6.186,7.4,0.0,0.185,18.5,2,1,4,2,0.09036150772481769,Very low
488,41,35-45,1,24,20+,100,Affluent,NBA015,5.06,6.44,11.5,0.0,0.115,11.5,2,3,3,1,0.01513305929209723,Very low
489,21,18-25,2,1,<2,16,Mass,NBA002,0.242,2.638,2.88,1.0,0.18,18.0,4,1,4,5,0.5224685818554817,Medium
490,23,18-25,1,2,2–4,25,Mass,NBA001,0.124,1.001,1.125,1.0,0.045,4.5,4,1,1,4,0.26328434030980896,Low
491,25,25-35,1,6,5–9,22,Mass,NBA006,2.262,2.182,4.444,0.0,0.20199999999999999,20.2,3,1,5,3,0.32370602257813247,Low
492,40,35-45,1,12,10–19,89,Lower Affluent,NBA006,2.772,12.714,15.486,0.0,0.174,17.4,2,2,4,2,0.6629087183679,High
493,38,35-45,1,11,10–19,35,Mass,NBA013,1.266,1.534,2.8,0.0,0.08,8.0,2,1,2,2,0.052526612663116444,Very low
495,40,35-45,1,13,10–19,28,Mass,NBA002,0.965,0.687,1.6520000000000001,0.0,0.059000000000000004,5.9,2,1,2,2,0.023271904371432454,Very low
496,29,25-35,2,1,<2,25,Mass,NBA007,0.569,2.031,2.6,0.0,0.10400000000000001,10.4,3,1,3,5,0.45828747169261413,Medium
497,25,25-35,1,3,2–4,18,Mass,NBA002,0.352,2.582,2.9339999999999997,1.0,0.163,16.3,3,1,4,4,0.3897342929026319,Low
498,33,25-35,1,14,10–19,72,Lower Affluent,NBA008,15.017,14.719,29.735999999999997,1.0,0.413,41.3,3,2,5,2,0.996738046564765,Very high
500,24,18-25,1,1,<2,18,Mass,NBA000,0.239,0.823,1.0619999999999998,1.0,0.059000000000000004,5.9,4,1,2,5,0.34006787466348415,Low
501,29,25-35,2,4,2–4,37,Mass,NBA003,1.16,1.282,2.442,1.0,0.066,6.6,3,1,2,4,0.2252748761018107,Low
502,28,25-35,2,0,<2,29,Mass,NBA007,2.148,1.709,3.857,1.0,0.133,13.3,3,1,3,5,0.6240835175838679,High
505,31,25-35,2,2,2–4,26,Mass,NBA001,0.283,1.485,1.768,1.0,0.068,6.8,3,1,2,4,0.3174209466721166,Low
506,28,25-35,3,5,5–9,44,Mass,NBA009,0.773,3.055,3.8280000000000003,0.0,0.087,8.7,3,1,2,3,0.2500513964957575,Low
507,39,35-45,2,15,10–19,32,Mass,NBA019,0.422,1.146,1.5679999999999998,0.0,0.049,4.9,2,1,1,2,0.012457755885602622,Very low
508,33,25-35,2,2,2–4,35,Mass,NBA014,2.124,5.891,8.015,1.0,0.22899999999999998,22.9,3,1,5,4,0.8132796955220166,Very high
509,41,35-45,2,19,10–19,68,Lower Affluent,NBA002,1.507,2.437,3.944,0.0,0.057999999999999996,5.8,2,2,2,2,0.005895605973317122,Very low
510,29,25-35,2,1,<2,29,Mass,NBA007,2.33,3.818,6.148,1.0,0.212,21.2,3,1,5,5,0.7551074342570092,High
511,31,25-35,1,2,2–4,22,Mass,NBA004,1.092,1.702,2.794,1.0,0.127,12.7,3,1,3,4,0.4270269697045215,Medium
512,28,25-35,4,0,<2,38,Mass,NBA005,0.636,3.316,3.952,0.0,0.10400000000000001,10.4,3,1,3,5,0.5944357955429971,Medium
513,35,35-45,1,0,<2,34,Mass,NBA005,1.37,2.404,3.774,1.0,0.111,11.1,2,1,3,5,0.6016100729879233,High
514,54,45-55,1,25,20+,120,Affluent,NBA012,14.596,17.204,31.8,1.0,0.265,26.5,1,3,5,1,0.9418340647217827,Very high
516,46,45-55,1,9,5–9,31,Mass,NBA023,1.617,2.661,4.2780000000000005,0.0,0.138,13.8,1,1,3,3,0.15538978552250038,Very low
517,23,18-25,2,3,2–4,22,Mass,NBA003,1.274,1.234,2.508,1.0,0.114,11.4,4,1,3,4,0.33108862689146273,Low
518,28,25-35,2,6,5–9,38,Mass,NBA007,0.774,1.962,2.7359999999999998,0.0,0.07200000000000001,7.2,3,1,2,3,0.15756323999783592,Very low
519,24,18-25,1,3,2–4,15,Mass,NBA005,0.073,1.622,1.695,1.0,0.113,11.3,4,1,3,4,0.2920042154530704,Low
520,41,35-45,2,7,5–9,63,Lower Affluent,NBA017,4.638,5.064,9.702,0.0,0.154,15.4,2,2,4,3,0.5746756689241234,Medium
521,43,35-45,2,9,5–9,60,Lower Affluent,NBA005,4.039,8.201,12.24,1.0,0.204,20.4,2,2,5,3,0.685411879232097,High
522,27,25-35,3,3,2–4,35,Mass,NBA004,1.601,3.054,4.654999999999999,0.0,0.133,13.3,3,1,3,4,0.47520417746474297,Medium
524,28,25-35,1,2,2–4,18,Mass,NBA000,1.939,0.725,2.664,1.0,0.14800000000000002,14.8,3,1,3,4,0.43101544916300466,Medium
526,35,35-45,3,1,<2,20,Mass,NBA004,0.853,0.727,1.58,0.0,0.079,7.9,2,1,2,5,0.3891002592005561,Low
527,31,25-35,1,11,10–19,28,Mass,NBA006,0.345,0.999,1.3439999999999999,1.0,0.048,4.8,3,1,1,2,0.03361305000906946,Very low
528,42,35-45,2,14,10–19,48,Mass,NBA001,1.201,2.927,4.128,1.0,0.086,8.6,2,1,2,2,0.03251102043538524,Very low
529,29,25-35,1,1,<2,18,Mass,NBA003,1.981,2.627,4.608,1.0,0.256,25.6,3,1,5,5,0.6821779108167011,High
530,36,35-45,1,4,2–4,17,Mass,NBA015,0.521,2.42,2.941,0.0,0.17300000000000001,17.3,2,1,4,4,0.3435901899841293,Low
532,31,25-35,1,12,10–19,31,Mass,NBA004,2.057,5.29,7.3469999999999995,0.0,0.237,23.7,3,1,5,2,0.2020798955962284,Low
533,43,35-45,4,18,10–19,446,Upper Affluent,NBA014,16.031,12.959,28.99,1.0,0.065,6.5,2,4,2,2,0.15468035674571018,Very low
535,31,25-35,1,9,5–9,28,Mass,NBA010,0.048,0.624,0.672,0.0,0.024,2.4,3,1,1,3,0.04371382520048148,Very low
537,28,25-35,2,2,2–4,23,Mass,NBA003,0.187,1.285,1.472,1.0,0.064,6.4,3,1,2,4,0.30149726696168044,Low
538,35,35-45,1,7,5–9,29,Mass,NBA014,0.264,1.157,1.421,0.0,0.049,4.9,2,1,1,3,0.09400699012778986,Very low
539,38,35-45,1,5,5–9,21,Mass,NBA013,0.45,1.44,1.89,0.0,0.09,9.0,2,1,2,3,0.19777650338928796,Very low
540,40,35-45,1,14,10–19,43,Mass,NBA021,2.793,3.657,6.45,1.0,0.15,15.0,2,1,4,2,0.08033620738536879,Very low
542,38,35-45,2,8,5–9,38,Mass,NBA016,0.029,0.199,0.228,0.0,0.006,0.6,2,1,1,3,0.04218574432623763,Very low
543,27,25-35,3,4,2–4,40,Mass,NBA001,0.284,0.956,1.24,1.0,0.031,3.1,3,1,1,4,0.14814756482469674,Very low
544,49,45-55,1,11,10–19,39,Mass,NBA005,2.458,1.481,3.939,0.0,0.10099999999999999,10.1,1,1,3,2,0.07690712927198888,Very low
545,38,35-45,1,18,10–19,45,Mass,NBA007,0.535,2.615,3.1500000000000004,0.0,0.07,7.0,2,1,2,2,0.008229357406832546,Very low
546,43,35-45,1,16,10–19,89,Lower Affluent,NBA007,0.159,0.197,0.356,0.0,0.004,0.4,2,2,1,2,0.0024873680873184873,Very low
547,36,35-45,2,9,5–9,49,Mass,NBA006,0.818,3.396,4.2139999999999995,1.0,0.086,8.6,2,1,2,3,0.11200188619417166,Very low
548,37,35-45,1,4,2–4,23,Mass,NBA000,0.87,1.982,2.852,0.0,0.124,12.4,2,1,3,4,0.3102056699677109,Low
549,46,45-55,3,22,20+,99,Lower Affluent,NBA004,0.827,1.45,2.277,0.0,0.023,2.3,1,2,1,1,0.0008880092680431472,Very low
550,22,18-25,2,0,<2,20,Mass,NBA003,0.207,0.913,1.12,0.0,0.055999999999999994,5.6,4,1,2,5,0.39724957033757075,Low
551,47,45-55,1,13,10–19,51,Lower Affluent,NBA025,3.739,8.399,12.137999999999998,0.0,0.23800000000000002,23.8,1,2,5,2,0.4637714360345254,Medium
553,30,25-35,4,2,2–4,25,Mass,NBA008,1.77,0.73,2.5,0.0,0.1,10.0,3,1,3,4,0.3850338842732602,Low
554,51,45-55,2,19,10–19,159,Affluent,NBA025,1.068,3.384,4.452,0.0,0.027999999999999997,2.8,1,3,1,2,0.0017238655778977793,Very low
558,46,45-55,2,9,5–9,15,Mass,NBA026,0.015,0.63,0.645,0.0,0.043,4.3,1,1,1,3,0.05626843615365356,Very low
559,29,25-35,1,7,5–9,20,Mass,NBA005,1.006,2.954,3.96,1.0,0.198,19.8,3,1,4,3,0.24333884565575445,Low
560,26,25-35,1,1,<2,21,Mass,NBA000,0.608,0.421,1.029,0.0,0.049,4.9,3,1,1,5,0.3272887684824246,Low
562,39,35-45,1,22,20+,52,Lower Affluent,NBA003,1.155,0.509,1.6640000000000001,0.0,0.032,3.2,2,2,1,1,0.0014609157509224919,Very low
563,30,25-35,2,10,10–19,22,Mass,NBA004,1.41,2.132,3.542,0.0,0.161,16.1,3,1,4,2,0.1057964748550667,Very low
564,41,35-45,3,7,5–9,56,Lower Affluent,NBA006,0.374,7.746,8.120000000000001,1.0,0.145,14.5,2,2,3,3,0.45747409139552186,Medium
565,25,25-35,2,4,2–4,27,Mass,NBA005,0.549,0.801,1.35,1.0,0.05,5.0,3,1,2,4,0.18241188182209436,Very low
566,34,25-35,1,16,10–19,48,Mass,NBA009,1.474,2.174,3.6479999999999997,0.0,0.076,7.6,3,1,2,2,0.01571088983453374,Very low
568,25,25-35,1,4,2–4,23,Mass,NBA000,0.252,0.944,1.196,0.0,0.052000000000000005,5.2,3,1,2,4,0.1836550165908195,Very low
569,39,35-45,1,20,20+,67,Lower Affluent,NBA009,3.834,16.668,20.502,0.0,0.306,30.6,2,2,5,1,0.689491821867672,High
570,26,25-35,1,4,2–4,20,Mass,NBA003,0.319,0.761,1.08,0.0,0.054000000000000006,5.4,3,1,2,4,0.18519761941449397,Very low
571,31,25-35,1,8,5–9,41,Mass,NBA003,0.134,5.032,5.166,0.0,0.126,12.6,3,1,3,3,0.20967956419518358,Low
572,40,35-45,3,5,5–9,220,Affluent,NBA003,8.166,27.034,35.2,1.0,0.16,16.0,2,3,4,3,0.9995234624152654,Very high
573,42,35-45,1,6,5–9,31,Mass,NBA009,1.025,2.571,3.596,0.0,0.11599999999999999,11.6,2,1,3,3,0.23654589966170064,Low
574,23,18-25,1,1,<2,21,Mass,NBA000,1.21,0.554,1.764,1.0,0.084,8.4,4,1,2,5,0.3908121698064191,Low
575,34,25-35,1,9,5–9,48,Mass,NBA008,0.42,4.044,4.4639999999999995,0.0,0.09300000000000001,9.3,3,1,2,3,0.12268892381251052,Very low
576,28,25-35,4,0,<2,29,Mass,NBA007,1.425,5.593,7.018,0.0,0.242,24.2,3,1,5,5,0.8485062680221521,Very high
577,29,25-35,1,6,5–9,21,Mass,NBA007,1.11,2.691,3.801,0.0,0.18100000000000002,18.1,3,1,4,3,0.27848683266481994,Low
578,29,25-35,2,3,2–4,26,Mass,NBA006,0.538,1.048,1.586,1.0,0.061,6.1,3,1,2,4,0.2478643573737167,Low
579,24,18-25,2,2,2–4,26,Mass,NBA003,0.888,1.634,2.522,1.0,0.09699999999999999,9.7,4,1,2,4,0.3772437545112189,Low
580,53,45-55,1,9,5–9,50,Lower Affluent,NBA018,2.016,3.584,5.6,1.0,0.11199999999999999,11.2,1,2,3,3,0.182556546605491,Very low
581,39,35-45,1,19,10–19,60,Lower Affluent,NBA015,9.593,6.667,16.259999999999998,1.0,0.271,27.1,2,2,5,2,0.4029997278510498,Medium
582,28,25-35,4,2,2–4,41,Mass,NBA004,0.459,0.566,1.025,1.0,0.025,2.5,3,1,1,4,0.2123579937177761,Low
584,39,35-45,1,12,10–19,46,Mass,NBA010,0.561,1.739,2.3000000000000003,0.0,0.05,5.0,2,1,2,2,0.028509914482244637,Very low
585,38,35-45,1,18,10–19,44,Mass,NBA019,0.606,1.374,1.98,0.0,0.045,4.5,2,1,1,2,0.005393295752919026,Very low
586,34,25-35,4,6,5–9,27,Mass,NBA003,1.982,7.549,9.531,1.0,0.353,35.3,3,1,5,3,0.7617178936936059,High
587,31,25-35,1,11,10–19,45,Mass,NBA012,2.739,4.911,7.6499999999999995,0.0,0.17,17.0,3,1,4,2,0.22148812583451521,Low
588,40,35-45,1,2,2–4,32,Mass,NBA004,0.854,0.33,1.184,0.0,0.037000000000000005,3.7,2,1,1,4,0.25800705468376217,Low
589,32,25-35,1,8,5–9,26,Mass,NBA006,0.326,0.74,1.066,0.0,0.040999999999999995,4.1,3,1,1,3,0.06722331469224321,Very low
592,44,35-45,2,12,10–19,86,Lower Affluent,NBA005,1.476,9.704,11.18,0.0,0.13,13.0,2,2,3,2,0.29801118706981194,Low
594,41,35-45,2,6,5–9,36,Mass,NBA000,4.514,2.506,7.02,1.0,0.195,19.5,2,1,4,3,0.509963214449586,Medium
595,28,25-35,1,0,<2,28,Mass,NBA002,2.284,7.04,9.324,1.0,0.33299999999999996,33.3,3,1,5,5,0.932923760439919,Very high
598,25,25-35,1,9,5–9,18,Mass,NBA004,0.066,0.15,0.216,0.0,0.012,1.2,3,1,1,3,0.04213602693840539,Very low
599,43,35-45,2,16,10–19,83,Lower Affluent,NBA010,0.259,3.144,3.403,0.0,0.040999999999999995,4.1,2,2,1,2,0.008441450058575668,Very low
600,45,45-55,1,12,10–19,37,Mass,NBA019,1.343,2.172,3.515,0.0,0.095,9.5,1,1,2,2,0.05248165571002999,Very low
601,35,35-45,1,13,10–19,35,Mass,NBA015,0.432,1.143,1.575,0.0,0.045,4.5,2,1,1,2,0.01977148776742673,Very low
602,34,25-35,1,13,10–19,51,Lower Affluent,NBA011,1.875,3.021,4.896,0.0,0.096,9.6,3,2,2,2,0.051179288438290456,Very low
603,29,25-35,1,2,2–4,14,Mass,NBA000,0.587,1.429,2.016,1.0,0.14400000000000002,14.4,3,1,3,4,0.38956144900785855,Low
604,32,25-35,2,11,10–19,75,Lower Affluent,NBA006,7.759,9.716,17.475,1.0,0.233,23.3,3,2,5,2,0.8690298654365191,Very high
605,27,25-35,3,6,5–9,26,Mass,NBA004,0.93,1.774,2.704,0.0,0.10400000000000001,10.4,3,1,3,3,0.18488661510798052,Very low
606,39,35-45,1,16,10–19,57,Lower Affluent,NBA020,1.559,9.499,11.058,0.0,0.19399999999999998,19.4,2,2,4,2,0.18403637529619782,Very low
608,31,25-35,4,1,<2,29,Mass,NBA006,1.065,2.154,3.219,0.0,0.111,11.1,3,1,3,5,0.5017756787233857,Medium
609,28,25-35,1,4,2–4,28,Mass,NBA002,0.437,3.539,3.976,1.0,0.142,14.2,3,1,3,4,0.3791536385305815,Low
610,27,25-35,2,8,5–9,38,Mass,NBA004,0.364,2.258,2.622,0.0,0.069,6.9,3,1,2,3,0.09483721017410253,Very low
612,31,25-35,1,9,5–9,26,Mass,NBA005,0.31,0.86,1.17,0.0,0.045,4.5,3,1,1,3,0.054169883795128874,Very low
613,32,25-35,1,0,<2,20,Mass,NBA004,0.263,0.337,0.6000000000000001,1.0,0.03,3.0,3,1,1,5,0.3583609330503266,Low
614,29,25-35,2,9,5–9,36,Mass,NBA003,0.127,0.377,0.504,0.0,0.013999999999999999,1.4,3,1,1,3,0.03602133815341605,Very low
615,31,25-35,2,9,5–9,53,Lower Affluent,NBA008,1.195,5.96,7.155,0.0,0.135,13.5,3,2,3,3,0.25880059643136116,Low
616,32,25-35,2,5,5–9,43,Mass,NBA005,1.806,4.644,6.45,1.0,0.15,15.0,3,1,4,3,0.48151151992786784,Medium
617,39,35-45,1,6,5–9,42,Mass,NBA019,2.541,5.817,8.358,1.0,0.19899999999999998,19.9,2,1,4,3,0.6052614198699345,High
618,27,25-35,2,7,5–9,30,Mass,NBA008,0.448,0.752,1.2,1.0,0.04,4.0,3,1,1,3,0.08327737377353639,Very low
619,29,25-35,1,13,10–19,42,Mass,NBA001,1.458,1.65,3.1079999999999997,1.0,0.07400000000000001,7.4,3,1,2,2,0.030415797389008063,Very low
620,31,25-35,1,11,10–19,34,Mass,NBA006,0.298,2.014,2.312,0.0,0.068,6.8,3,1,2,2,0.04356356530368381,Very low
621,41,35-45,2,22,20+,75,Lower Affluent,NBA017,9.877,7.823,17.700000000000003,0.0,0.23600000000000002,23.6,2,2,5,1,0.2857911957987568,Low
623,35,35-45,2,0,<2,22,Mass,NBA016,1.97,1.33,3.3,1.0,0.15,15.0,2,1,4,5,0.6110605663595557,High
624,38,35-45,2,2,2–4,22,Mass,NBA016,1.209,3.785,4.994,1.0,0.22699999999999998,22.7,2,1,5,4,0.6442039507225098,High
625,29,25-35,1,1,<2,17,Mass,NBA009,0.157,0.982,1.139,0.0,0.067,6.7,3,1,2,5,0.3555161135740526,Low
626,37,35-45,1,7,5–9,32,Mass,NBA003,2.697,3.575,6.272,0.0,0.196,19.6,2,1,4,3,0.38915071571513676,Low
627,26,25-35,1,8,5–9,25,Mass,NBA004,0.21,0.965,1.175,0.0,0.047,4.7,3,1,1,3,0.06948839816006207,Very low
628,27,25-35,1,0,<2,16,Mass,NBA005,0.13,0.046,0.176,0.0,0.011000000000000001,1.1,3,1,1,5,0.33084757348995686,Low
629,42,35-45,2,18,10–19,66,Lower Affluent,NBA023,1.641,4.695,6.336,0.0,0.096,9.6,2,2,2,2,0.019238940159090057,Very low
632,36,35-45,1,10,10–19,28,Mass,NBA000,0.815,2.321,3.136,1.0,0.11199999999999999,11.2,2,1,3,2,0.0845317331281111,Very low
633,48,45-55,1,17,10–19,66,Lower Affluent,NBA022,1.468,0.644,2.112,0.0,0.032,3.2,1,2,1,2,0.0053802050334597435,Very low
634,45,45-55,1,10,10–19,52,Lower Affluent,NBA014,0.932,1.876,2.808,0.0,0.054000000000000006,5.4,1,2,2,2,0.05313985572754723,Very low
636,26,25-35,1,6,5–9,22,Mass,NBA000,0.721,1.545,2.266,0.0,0.10300000000000001,10.3,3,1,3,3,0.1701561501619999,Very low
638,50,45-55,3,10,10–19,80,Lower Affluent,NBA020,2.479,7.281,9.76,0.0,0.122,12.2,1,2,3,2,0.32548473809567774,Low
639,30,25-35,1,11,10–19,33,Mass,NBA001,0.682,2.09,2.772,0.0,0.084,8.4,3,1,2,2,0.05215186853603951,Very low
640,49,45-55,2,22,20+,79,Lower Affluent,NBA004,0.288,5.479,5.767,0.0,0.073,7.3,1,2,2,1,0.004517890462720215,Very low
641,36,35-45,1,1,<2,16,Mass,NBA004,0.433,1.055,1.488,0.0,0.09300000000000001,9.3,2,1,2,5,0.3990730118901914,Low
642,24,18-25,2,3,2–4,19,Mass,NBA000,0.359,0.458,0.817,0.0,0.043,4.3,4,1,1,4,0.21254034645295528,Low
643,42,35-45,5,6,5–9,190,Affluent,NBA023,3.157,11.663,14.82,0.0,0.078,7.8,2,3,2,3,0.5946418106120777,Medium
644,28,25-35,2,0,<2,30,Mass,NBA003,0.121,1.319,1.44,1.0,0.048,4.8,3,1,1,5,0.39181804929272945,Low
645,52,45-55,2,12,10–19,76,Lower Affluent,NBA016,0.995,4.857,5.852,0.0,0.077,7.7,1,2,2,2,0.06652260141622533,Very low
646,39,35-45,2,9,5–9,56,Lower Affluent,NBA016,4.765,5.707,10.472,0.0,0.187,18.7,2,2,4,3,0.5428085260277568,Medium
648,29,25-35,2,0,<2,22,Mass,NBA008,1.039,1.799,2.838,1.0,0.129,12.9,3,1,3,5,0.5615936720249228,Medium
649,40,35-45,1,8,5–9,28,Mass,NBA017,0.534,0.474,1.008,0.0,0.036000000000000004,3.6,2,1,1,3,0.06570971396419072,Very low
650,27,25-35,1,10,10–19,34,Mass,NBA006,0.851,1.359,2.21,0.0,0.065,6.5,3,1,2,2,0.05327869043699148,Very low
651,24,18-25,3,2,2–4,16,Mass,NBA005,0.27,0.754,1.024,1.0,0.064,6.4,4,1,2,4,0.2873222570920646,Low
652,26,25-35,2,5,5–9,28,Mass,NBA007,1.024,1.16,2.184,0.0,0.078,7.8,3,1,2,3,0.1888133507077048,Very low
653,40,35-45,3,16,10–19,116,Affluent,NBA006,1.614,12.422,14.036000000000001,0.0,0.121,12.1,2,3,3,2,0.20176545534328266,Low
654,50,45-55,2,16,10–19,71,Lower Affluent,NBA014,1.663,6.218,7.881,0.0,0.111,11.1,1,2,3,2,0.053417268374405046,Very low
656,26,25-35,2,6,5–9,30,Mass,NBA006,0.144,0.156,0.3,0.0,0.01,1.0,3,1,1,3,0.07712643943432541,Very low
658,37,35-45,3,16,10–19,50,Lower Affluent,NBA014,7.32,10.98,18.3,1.0,0.366,36.6,2,2,5,2,0.7949305274338525,High
659,52,45-55,5,9,5–9,70,Lower Affluent,NBA000,1.329,5.251,6.58,1.0,0.094,9.4,1,2,2,3,0.18654649677036914,Very low
661,28,25-35,1,3,2–4,26,Mass,NBA006,0.432,2.168,2.6,0.0,0.1,10.0,3,1,3,4,0.3270531001770946,Low
662,29,25-35,2,6,5–9,57,Lower Affluent,NBA007,0.453,0.801,1.254,0.0,0.022000000000000002,2.2,3,2,1,3,0.07290470652594838,Very low
664,54,45-55,1,18,10–19,114,Affluent,NBA034,3.295,6.395,9.69,0.0,0.085,8.5,1,3,2,2,0.03145364590390626,Very low
665,32,25-35,1,10,10–19,32,Mass,NBA013,1.168,2.448,3.6159999999999997,0.0,0.113,11.3,3,1,3,2,0.09232060224976045,Very low
666,32,25-35,1,11,10–19,53,Lower Affluent,NBA002,0.089,1.66,1.7489999999999999,0.0,0.033,3.3,3,2,1,2,0.026300458835061748,Very low
667,36,35-45,1,14,10–19,81,Lower Affluent,NBA011,1.785,4.047,5.832,0.0,0.07200000000000001,7.2,2,2,2,2,0.03470284976480113,Very low
668,31,25-35,1,12,10–19,24,Mass,NBA009,0.442,1.142,1.5839999999999999,0.0,0.066,6.6,3,1,2,2,0.03036881968294658,Very low
669,28,25-35,1,11,10–19,24,Mass,NBA006,0.107,0.469,0.576,0.0,0.024,2.4,3,1,1,2,0.026569396853706732,Very low
670,34,25-35,1,10,10–19,33,Mass,NBA001,2.502,0.897,3.399,1.0,0.10300000000000001,10.3,3,1,3,2,0.08482230269034965,Very low
671,53,45-55,4,7,5–9,61,Lower Affluent,NBA011,1.875,2.944,4.819,0.0,0.079,7.9,1,2,2,3,0.19077148999502608,Very low
672,50,45-55,1,8,5–9,47,Mass,NBA027,0.399,2.844,3.243,0.0,0.069,6.9,1,1,2,3,0.1108700123645943,Very low
673,52,45-55,4,13,10–19,234,Affluent,NBA017,7.387,10.631,18.018,0.0,0.077,7.7,1,3,2,2,0.2746409488293929,Low
674,30,25-35,2,4,2–4,15,Mass,NBA008,0.35,0.625,0.975,0.0,0.065,6.5,3,1,2,4,0.19487350885754862,Very low
675,26,25-35,2,0,<2,28,Mass,NBA007,1.271,1.333,2.604,0.0,0.09300000000000001,9.3,3,1,2,5,0.5086869724999943,Medium
676,42,35-45,2,21,20+,121,Affluent,NBA011,1.365,2.386,3.7510000000000003,0.0,0.031,3.1,2,3,1,1,0.0013842555393440903,Very low
677,27,25-35,1,6,5–9,43,Mass,NBA006,0.883,1.224,2.107,0.0,0.049,4.9,3,1,1,3,0.11896271974214401,Very low
678,41,35-45,1,14,10–19,52,Lower Affluent,NBA008,0.926,2.87,3.7960000000000003,0.0,0.073,7.3,2,2,2,2,0.026883446337155736,Very low
679,27,25-35,1,10,10–19,31,Mass,NBA006,1.362,4.001,5.363,0.0,0.17300000000000001,17.3,3,1,4,2,0.1655579285509322,Very low
681,37,35-45,1,12,10–19,44,Mass,NBA014,2.995,3.473,6.468,0.0,0.147,14.7,2,1,3,2,0.1269408381950333,Very low
682,29,25-35,1,3,2–4,17,Mass,NBA001,0.47,1.06,1.53,0.0,0.09,9.0,3,1,2,4,0.2746366257485785,Low
683,27,25-35,1,9,5–9,45,Mass,NBA006,2.852,5.158,8.01,1.0,0.17800000000000002,17.8,3,1,4,3,0.3533190535339428,Low
685,21,18-25,3,0,<2,24,Mass,NBA002,0.833,1.015,1.8479999999999999,0.0,0.077,7.7,4,1,2,5,0.4485568631311541,Medium
686,41,35-45,4,14,10–19,44,Mass,NBA003,0.353,0.395,0.748,0.0,0.017,1.7,2,1,1,2,0.009887573226047289,Very low
687,23,18-25,2,1,<2,18,Mass,NBA003,0.885,2.481,3.3659999999999997,1.0,0.187,18.7,4,1,4,5,0.5615431746550777,Medium
688,45,45-55,2,9,5–9,69,Lower Affluent,NBA026,0.707,3.916,4.623,0.0,0.067,6.7,1,2,2,3,0.09852920300949018,Very low
689,45,45-55,2,2,2–4,29,Mass,NBA019,0.443,1.123,1.566,0.0,0.054000000000000006,5.4,1,1,2,4,0.30151085995729177,Low
690,33,25-35,1,6,5–9,21,Mass,NBA014,0.567,1.008,1.575,0.0,0.075,7.5,3,1,2,3,0.140697083168663,Very low
691,21,18-25,1,1,<2,16,Mass,NBA001,0.141,0.867,1.008,0.0,0.063,6.3,4,1,2,5,0.3406366241757977,Low
692,40,35-45,1,6,5–9,36,Mass,NBA009,0.391,0.365,0.756,1.0,0.021,2.1,2,1,1,3,0.08710117005617353,Very low
693,40,35-45,2,3,2–4,28,Mass,NBA002,0.553,2.107,2.66,0.0,0.095,9.5,2,1,2,4,0.33464900373778855,Low
694,56,55-65,1,11,10–19,59,Lower Affluent,NBA020,4.673,4.177,8.85,0.0,0.15,15.0,2,2,4,2,0.27795982867607655,Low
696,29,25-35,1,6,5–9,46,Mass,NBA004,1.17,1.314,2.484,0.0,0.054000000000000006,5.4,3,1,2,3,0.1299331642658807,Very low
697,29,25-35,2,6,5–9,65,Lower Affluent,NBA010,1.985,9.975,11.959999999999999,0.0,0.184,18.4,3,2,4,3,0.7907523915480259,High
698,39,35-45,1,13,10–19,27,Mass,NBA009,0.966,1.194,2.16,0.0,0.08,8.0,2,1,2,2,0.028536816264821453,Very low
699,27,25-35,2,1,<2,23,Mass,NBA000,0.285,2.567,2.8520000000000003,0.0,0.124,12.4,3,1,3,5,0.4900181827147549,Medium
700,25,25-35,1,1,<2,15,Mass,NBA006,0.371,1.339,1.71,1.0,0.114,11.4,3,1,3,5,0.41496974629940625,Medium
701,36,35-45,5,5,5–9,20,Mass,NBA012,0.729,0.891,1.62,0.0,0.081,8.1,2,1,2,3,0.18303300129409703,Very low
702,35,35-45,1,7,5–9,39,Mass,NBA005,1.702,4.577,6.279,1.0,0.161,16.1,2,1,4,3,0.35727991706638235,Low
703,25,25-35,2,4,2–4,33,Mass,NBA006,0.553,1.163,1.7160000000000002,0.0,0.052000000000000005,5.2,3,1,2,4,0.18840167884902448,Very low
704,21,18-25,2,2,2–4,20,Mass,NBA000,0.291,0.609,0.8999999999999999,1.0,0.045,4.5,4,1,1,4,0.2612073107527886,Low
705,23,18-25,1,2,2–4,16,Mass,NBA002,0.805,0.731,1.536,1.0,0.096,9.6,4,1,2,4,0.33023910181162874,Low
706,32,25-35,1,14,10–19,73,Lower Affluent,NBA007,3.752,2.672,6.4239999999999995,0.0,0.08800000000000001,8.8,3,2,2,2,0.04790708478883146,Very low
707,34,25-35,1,0,<2,20,Mass,NBA010,2.049,1.371,3.42,0.0,0.171,17.1,3,1,4,5,0.6307453241829915,High
709,39,35-45,1,22,20+,73,Lower Affluent,NBA009,3.727,6.712,10.439,0.0,0.14300000000000002,14.3,2,2,3,1,0.026737916925308202,Very low
710,46,45-55,1,1,<2,21,Mass,NBA015,1.377,1.731,3.108,1.0,0.14800000000000002,14.8,1,1,3,5,0.5432290391001658,Medium
711,35,35-45,2,10,10–19,98,Lower Affluent,NBA016,4.875,8.159,13.034,0.0,0.133,13.3,2,2,3,2,0.5320287455051423,Medium
712,33,25-35,4,9,5–9,28,Mass,NBA010,0.377,0.827,1.204,0.0,0.043,4.3,3,1,1,3,0.05352840131888949,Very low
713,30,25-35,2,12,10–19,68,Lower Affluent,NBA009,2.857,10.811,13.668,0.0,0.201,20.1,3,2,5,2,0.579817731015689,Medium
714,54,45-55,3,21,20+,118,Affluent,NBA020,9.6,7.392,16.992,0.0,0.14400000000000002,14.4,1,3,3,1,0.1692224703009122,Very low
715,42,35-45,2,5,5–9,41,Mass,NBA003,0.355,1.039,1.394,0.0,0.034,3.4,2,1,1,3,0.12847250470756696,Very low
716,28,25-35,1,9,5–9,22,Mass,NBA000,5.283,0.811,6.094,1.0,0.27699999999999997,27.7,3,1,5,3,0.2935434618377446,Low
717,35,35-45,1,9,5–9,34,Mass,NBA001,0.398,1.302,1.7000000000000002,0.0,0.05,5.0,2,1,2,3,0.058705176803242665,Very low
718,41,35-45,3,16,10–19,135,Affluent,NBA022,1.277,4.663,5.94,0.0,0.044000000000000004,4.4,2,3,1,2,0.009284023778957828,Very low
719,41,35-45,1,16,10–19,49,Mass,NBA022,0.431,0.353,0.784,0.0,0.016,1.6,2,1,1,2,0.005456874237868047,Very low
720,53,45-55,4,5,5–9,78,Lower Affluent,NBA029,6.936,6.558,13.494,1.0,0.17300000000000001,17.3,1,2,4,3,0.8846231679800642,Very high
721,28,25-35,1,4,2–4,26,Mass,NBA007,1.295,2.215,3.51,0.0,0.135,13.5,3,1,3,4,0.34626244664820743,Low
722,35,35-45,1,5,5–9,32,Mass,NBA005,0.175,3.985,4.16,0.0,0.13,13.0,2,1,3,3,0.32409854977330993,Low
723,42,35-45,1,7,5–9,25,Mass,NBA012,1.629,0.921,2.55,0.0,0.102,10.2,2,1,3,3,0.15026981684263527,Very low
726,48,45-55,2,30,20+,148,Affluent,NBA014,3.975,6.681,10.656,0.0,0.07200000000000001,7.2,1,3,2,1,0.0010713677827650996,Very low
727,33,25-35,1,2,2–4,44,Mass,NBA014,0.525,0.839,1.3639999999999999,0.0,0.031,3.1,3,1,1,4,0.22942301775227703,Low
728,37,35-45,1,6,5–9,31,Mass,NBA010,1.701,1.926,3.627,1.0,0.11699999999999999,11.7,2,1,3,3,0.235160339732376,Low
730,35,35-45,3,10,10–19,39,Mass,NBA015,1.602,2.454,4.056,0.0,0.10400000000000001,10.4,2,1,3,2,0.09714119251382948,Very low
731,48,45-55,2,6,5–9,66,Lower Affluent,NBA001,2.316,5.67,7.986,0.0,0.121,12.1,1,2,3,3,0.4755035358528213,Medium
732,34,25-35,1,16,10–19,75,Lower Affluent,NBA003,3.955,3.845,7.800000000000001,0.0,0.10400000000000001,10.4,3,2,3,2,0.0459007340183121,Very low
734,41,35-45,2,8,5–9,43,Mass,NBA021,0.086,0.215,0.301,0.0,0.006999999999999999,0.7,2,1,1,3,0.04059006113419682,Very low
736,39,35-45,1,6,5–9,61,Lower Affluent,NBA009,0.563,2.914,3.4770000000000003,0.0,0.057,5.7,2,2,2,3,0.14982865932222036,Very low
737,46,45-55,1,1,<2,20,Mass,NBA012,0.809,1.991,2.8000000000000003,0.0,0.14,14.0,1,1,3,5,0.5180446171847884,Medium
738,33,25-35,2,4,2–4,55,Lower Affluent,NBA009,2.16,1.69,3.85,0.0,0.07,7.0,3,2,2,4,0.2711877678661016,Low
739,34,25-35,3,2,2–4,39,Mass,NBA014,1.143,4.005,5.148,0.0,0.132,13.2,3,1,3,4,0.5769329411172266,Medium
740,34,25-35,3,12,10–19,47,Mass,NBA008,1.301,1.848,3.149,0.0,0.067,6.7,3,1,2,2,0.03752637284078831,Very low
742,45,45-55,3,16,10–19,80,Lower Affluent,NBA021,0.912,1.488,2.4,0.0,0.03,3.0,1,2,1,2,0.006162847837527749,Very low
743,25,25-35,1,1,<2,19,Mass,NBA001,0.19,1.121,1.311,0.0,0.069,6.9,3,1,2,5,0.3593219883847991,Low
744,31,25-35,2,6,5–9,32,Mass,NBA006,3.341,4.051,7.392,1.0,0.231,23.1,3,1,5,3,0.5549078958977491,Medium
745,34,25-35,4,7,5–9,40,Mass,NBA015,0.95,1.61,2.56,0.0,0.064,6.4,3,1,2,3,0.11716062318876935,Very low
746,45,45-55,1,23,20+,50,Lower Affluent,NBA005,0.559,1.541,2.1,0.0,0.042,4.2,1,2,1,1,0.001395128622483828,Very low
747,44,35-45,2,17,10–19,129,Affluent,NBA000,0.551,2.674,3.225,0.0,0.025,2.5,2,3,1,2,0.0029268107866156586,Very low
751,38,35-45,1,6,5–9,18,Mass,NBA017,0.131,2.209,2.34,0.0,0.13,13.0,2,1,3,3,0.19284372926614152,Very low
752,27,25-35,1,7,5–9,26,Mass,NBA004,0.641,1.725,2.366,0.0,0.091,9.1,3,1,2,3,0.13233023039030412,Very low
753,29,25-35,1,11,10–19,36,Mass,NBA005,0.709,1.487,2.196,0.0,0.061,6.1,3,1,2,2,0.040123308985376235,Very low
754,29,25-35,2,5,5–9,28,Mass,NBA007,2.126,3.11,5.236,0.0,0.187,18.7,3,1,4,3,0.4329701929505846,Medium
755,22,18-25,1,4,2–4,24,Mass,NBA002,1.636,2.108,3.7439999999999998,1.0,0.156,15.6,4,1,4,4,0.3705515348890817,Low
756,47,45-55,1,4,2–4,26,Mass,NBA002,0.122,2.582,2.7039999999999997,0.0,0.10400000000000001,10.4,1,1,3,4,0.29462181179223296,Low
757,27,25-35,2,5,5–9,25,Mass,NBA006,0.706,0.995,1.701,0.0,0.068,6.8,3,1,2,3,0.16962489219026552,Very low
758,24,18-25,1,2,2–4,18,Mass,NBA005,0.528,0.552,1.08,0.0,0.06,6.0,4,1,2,4,0.28455610606888065,Low
760,26,25-35,1,3,2–4,29,Mass,NBA005,2.527,4.926,7.453,1.0,0.257,25.7,3,1,5,4,0.7472639478818015,High
761,40,35-45,1,22,20+,100,Affluent,NBA001,5.402,9.198,14.600000000000001,0.0,0.146,14.6,2,3,3,1,0.07596259983389612,Very low
762,33,25-35,2,12,10–19,58,Lower Affluent,NBA008,3.084,7.588,10.672,0.0,0.184,18.4,3,2,4,2,0.3519119568669517,Low
763,30,25-35,1,0,<2,17,Mass,NBA011,0.304,1.736,2.04,0.0,0.12,12.0,3,1,3,5,0.5086032147929112,Medium
764,39,35-45,2,16,10–19,69,Lower Affluent,NBA013,1.061,0.595,1.656,0.0,0.024,2.4,2,2,1,2,0.005447081578105649,Very low
765,24,18-25,2,0,<2,16,Mass,NBA005,0.025,1.143,1.168,0.0,0.073,7.3,4,1,2,5,0.421052584641802,Medium
766,27,25-35,4,0,<2,70,Lower Affluent,NBA006,1.618,3.982,5.6000000000000005,1.0,0.08,8.0,3,2,2,5,0.6127903814156762,High
767,38,35-45,2,7,5–9,64,Lower Affluent,NBA004,0.651,1.269,1.92,0.0,0.03,3.0,2,2,1,3,0.06679071673276989,Very low
768,36,35-45,1,9,5–9,40,Mass,NBA001,1.976,1.944,3.92,0.0,0.098,9.8,2,1,2,3,0.11626647446706113,Very low
769,39,35-45,1,4,2–4,33,Mass,NBA015,0.397,1.913,2.31,0.0,0.07,7.0,2,1,2,4,0.23531354613475483,Low
770,43,35-45,1,13,10–19,76,Lower Affluent,NBA023,2.151,2.485,4.635999999999999,1.0,0.061,6.1,2,2,2,2,0.03243437660021235,Very low
771,24,18-25,1,8,5–9,17,Mass,NBA000,0.569,0.383,0.952,1.0,0.055999999999999994,5.6,4,1,2,3,0.07229994980928446,Very low
772,21,18-25,1,5,5–9,25,Mass,NBA001,0.367,1.883,2.25,0.0,0.09,9.0,4,1,2,3,0.19800504524080578,Very low
773,26,25-35,2,2,2–4,24,Mass,NBA006,1.577,1.687,3.2640000000000002,1.0,0.136,13.6,3,1,3,4,0.4579531293306006,Medium
774,43,35-45,1,11,10–19,37,Mass,NBA017,0.18,0.301,0.481,0.0,0.013000000000000001,1.3,2,1,1,2,0.022113565447227188,Very low
775,36,35-45,3,11,10–19,44,Mass,NBA012,0.446,6.022,6.468,0.0,0.147,14.7,2,1,3,2,0.15894849249792337,Very low
778,34,25-35,2,10,10–19,33,Mass,NBA002,0.574,2.561,3.135,0.0,0.095,9.5,3,1,2,2,0.07730911238954424,Very low
779,47,45-55,2,17,10–19,41,Mass,NBA023,0.456,3.439,3.895,0.0,0.095,9.5,1,1,2,2,0.015659595484445166,Very low
780,48,45-55,1,0,<2,30,Mass,NBA023,2.663,4.027,6.6899999999999995,0.0,0.223,22.3,1,1,5,5,0.839535833339002,Very high
781,29,25-35,2,9,5–9,46,Mass,NBA000,0.241,0.495,0.736,0.0,0.016,1.6,3,1,1,3,0.03358479910342373,Very low
782,36,35-45,1,7,5–9,43,Mass,NBA002,1.04,1.626,2.666,0.0,0.062,6.2,2,1,2,3,0.11693742054703042,Very low
783,35,35-45,1,10,10–19,39,Mass,NBA016,0.218,2.005,2.223,0.0,0.057,5.7,2,1,2,2,0.05092194096984116,Very low
784,39,35-45,1,13,10–19,38,Mass,NBA001,1.897,1.485,3.382,0.0,0.08900000000000001,8.9,2,1,2,2,0.03729779794811899,Very low
785,41,35-45,1,21,20+,76,Lower Affluent,NBA002,6.949,8.631,15.58,0.0,0.205,20.5,2,2,5,1,0.18894290054915194,Very low
786,29,25-35,3,1,<2,30,Mass,NBA010,0.279,1.071,1.35,0.0,0.045,4.5,3,1,1,5,0.3237811892141241,Low
787,39,35-45,2,18,10–19,44,Mass,NBA009,0.368,0.556,0.924,0.0,0.021,2.1,2,1,1,2,0.0036391723608060604,Very low
788,33,25-35,1,12,10–19,32,Mass,NBA011,2.105,1.511,3.6159999999999997,0.0,0.113,11.3,3,1,3,2,0.05657457731645848,Very low
790,39,35-45,1,0,<2,39,Mass,NBA008,1.066,2.015,3.0810000000000004,0.0,0.079,7.9,2,1,2,5,0.5193393007860656,Medium
791,40,35-45,2,8,5–9,57,Lower Affluent,NBA019,0.878,2.314,3.192,0.0,0.055999999999999994,5.6,2,2,2,3,0.09066966773308789,Very low
793,34,25-35,1,15,10–19,67,Lower Affluent,NBA000,3.741,5.103,8.844,0.0,0.132,13.2,3,2,3,2,0.09582708064343132,Very low
794,29,25-35,3,7,5–9,84,Lower Affluent,NBA002,6.912,4.512,11.424,1.0,0.136,13.6,3,2,3,3,0.63163957820755,High
795,30,25-35,1,0,<2,17,Mass,NBA011,0.447,0.182,0.629,1.0,0.037000000000000005,3.7,3,1,1,5,0.37093842096341917,Low
796,38,35-45,3,3,2–4,25,Mass,NBA018,0.312,0.613,0.925,0.0,0.037000000000000005,3.7,2,1,1,4,0.21182731672334912,Low
797,25,25-35,4,0,<2,24,Mass,NBA006,1.597,1.307,2.904,1.0,0.121,12.1,3,1,3,5,0.5547216674316422,Medium
798,26,25-35,2,6,5–9,35,Mass,NBA000,0.086,0.579,0.6649999999999999,0.0,0.019,1.9,3,1,1,3,0.0814447891963242,Very low
800,29,25-35,1,8,5–9,24,Mass,NBA010,0.47,1.138,1.6079999999999999,0.0,0.067,6.7,3,1,2,3,0.08336354075564631,Very low
801,28,25-35,1,5,5–9,22,Mass,NBA009,0.14,0.476,0.616,0.0,0.027999999999999997,2.8,3,1,1,3,0.12392752338208558,Very low
802,48,45-55,1,30,20+,101,Affluent,NBA008,1.875,4.589,6.464,0.0,0.064,6.4,1,3,2,1,0.0004866968120654203,Very low
803,26,25-35,1,0,<2,14,Mass,NBA000,0.302,0.748,1.05,1.0,0.075,7.5,3,1,2,5,0.42046907414112633,Medium
804,36,35-45,1,4,2–4,23,Mass,NBA010,1.327,2.422,3.749,0.0,0.163,16.3,2,1,4,4,0.3885647536481432,Low
805,30,25-35,1,12,10–19,38,Mass,NBA010,0.171,3.059,3.23,0.0,0.085,8.5,3,1,2,2,0.044037562960378945,Very low
806,41,35-45,1,1,<2,19,Mass,NBA016,0.242,0.594,0.836,0.0,0.044000000000000004,4.4,2,1,1,5,0.33106470173521946,Low
807,34,25-35,3,13,10–19,52,Lower Affluent,NBA007,1.497,3.287,4.784,0.0,0.092,9.2,3,2,2,2,0.048388934735973166,Very low
809,45,45-55,1,17,10–19,62,Lower Affluent,NBA000,2.437,6.863,9.3,0.0,0.15,15.0,1,2,4,2,0.07743252996166246,Very low
810,22,18-25,1,4,2–4,19,Mass,NBA003,1.887,2.502,4.388999999999999,1.0,0.231,23.1,4,1,5,4,0.4570753055951343,Medium
813,34,25-35,1,6,5–9,20,Mass,NBA001,0.042,0.198,0.24000000000000002,0.0,0.012,1.2,3,1,1,3,0.09004281041165962,Very low
814,31,25-35,1,10,10–19,49,Mass,NBA012,3.237,1.565,4.802,1.0,0.098,9.8,3,1,2,2,0.10576729089274797,Very low
815,33,25-35,1,7,5–9,22,Mass,NBA000,0.631,0.777,1.408,0.0,0.064,6.4,3,1,2,3,0.10351749778930001,Very low
816,40,35-45,2,2,2–4,36,Mass,NBA001,0.278,1.09,1.368,0.0,0.038,3.8,2,1,1,4,0.2588427664404813,Low
817,36,35-45,2,6,5–9,27,Mass,NBA015,0.262,0.98,1.242,1.0,0.046,4.6,2,1,1,3,0.1159880003401426,Very low
820,36,35-45,1,7,5–9,40,Mass,NBA017,1.695,2.265,3.96,0.0,0.099,9.9,2,1,2,3,0.18529855014794022,Very low
822,32,25-35,1,16,10–19,38,Mass,NBA010,0.694,7.286,7.9799999999999995,0.0,0.21,21.0,3,1,5,2,0.08871543412766132,Very low
823,45,45-55,1,3,2–4,20,Mass,NBA015,0.105,0.315,0.42,0.0,0.021,2.1,1,1,1,4,0.19768568952772536,Very low
824,27,25-35,4,0,<2,25,Mass,NBA000,1.419,1.756,3.175,1.0,0.127,12.7,3,1,3,5,0.5778818614773633,Medium
825,41,35-45,2,4,2–4,26,Mass,NBA014,1.473,3.519,4.992,1.0,0.192,19.2,2,1,4,4,0.49722471245334127,Medium
827,48,45-55,1,13,10–19,50,Lower Affluent,NBA020,6.114,9.286,15.399999999999999,1.0,0.308,30.8,1,2,5,2,0.7511866523227967,High
828,50,45-55,1,1,<2,26,Mass,NBA026,1.852,1.866,3.718,0.0,0.14300000000000002,14.3,1,1,3,5,0.5816331211634015,Medium
829,45,45-55,3,0,<2,22,Mass,NBA019,0.03,0.894,0.924,0.0,0.042,4.2,1,1,1,5,0.39218280836030117,Low
830,33,25-35,2,2,2–4,37,Mass,NBA009,0.834,0.831,1.665,0.0,0.045,4.5,3,1,1,4,0.27232753202670806,Low
831,33,25-35,1,13,10–19,52,Lower Affluent,NBA003,2.714,8.362,11.076,1.0,0.213,21.3,3,2,5,2,0.35031551033210806,Low
832,27,25-35,2,8,5–9,18,Mass,NBA007,0.401,1.741,2.1420000000000003,0.0,0.11900000000000001,11.9,3,1,3,3,0.11051188403889539,Very low
833,36,35-45,2,7,5–9,43,Mass,NBA016,2.649,3.973,6.622,0.0,0.154,15.4,2,1,4,3,0.37156155570798205,Low
834,30,25-35,4,7,5–9,30,Mass,NBA010,0.264,4.446,4.71,0.0,0.157,15.7,3,1,4,3,0.26135523743798045,Low
835,28,25-35,2,3,2–4,36,Mass,NBA001,0.384,2.712,3.096,0.0,0.086,8.6,3,1,2,4,0.33025666063817843,Low
837,23,18-25,2,3,2–4,24,Mass,NBA004,0.552,0.96,1.512,0.0,0.063,6.3,4,1,2,4,0.24458663927723728,Low
838,23,18-25,1,7,5–9,22,Mass,NBA003,0.849,2.319,3.168,0.0,0.14400000000000002,14.4,4,1,3,3,0.18098496350900736,Very low
839,26,25-35,1,10,10–19,25,Mass,NBA001,1.306,0.469,1.775,0.0,0.071,7.1,3,1,2,2,0.052446092956629685,Very low
840,31,25-35,1,8,5–9,22,Mass,NBA001,0.37,1.104,1.4740000000000002,0.0,0.067,6.7,3,1,2,3,0.08264923131139831,Very low
841,38,35-45,3,13,10–19,25,Mass,NBA018,0.343,1.082,1.425,0.0,0.057,5.7,2,1,2,2,0.02228617978852817,Very low
842,29,25-35,3,7,5–9,63,Lower Affluent,NBA001,0.572,2.893,3.465,0.0,0.055,5.5,3,2,2,3,0.11121221321838508,Very low
843,32,25-35,1,14,10–19,36,Mass,NBA000,0.273,0.591,0.864,0.0,0.024,2.4,3,1,1,2,0.011331899757959809,Very low
844,32,25-35,2,8,5–9,45,Mass,NBA002,0.982,0.683,1.665,0.0,0.037000000000000005,3.7,3,1,1,3,0.06210567289851487,Very low
845,41,35-45,1,7,5–9,43,Mass,NBA011,0.694,1.198,1.892,0.0,0.044000000000000004,4.4,2,1,1,3,0.09154415363113463,Very low
847,28,25-35,2,7,5–9,34,Mass,NBA002,0.359,2.021,2.38,0.0,0.07,7.0,3,1,2,3,0.11812778175614799,Very low
848,25,25-35,4,0,<2,18,Mass,NBA001,2.802,3.21,6.0120000000000005,1.0,0.33399999999999996,33.4,3,1,5,5,0.8279882536842901,Very high
849,32,25-35,1,12,10–19,28,Mass,NBA012,0.116,0.696,0.8119999999999999,0.0,0.028999999999999998,2.9,3,1,1,2,0.021333878726529868,Very low
850,52,45-55,1,16,10–19,64,Lower Affluent,NBA025,1.866,3.638,5.504,0.0,0.086,8.6,1,2,2,2,0.025640351236465228,Very low
